ID,Polymer,Solvent,group,Bg,Bth,Pe,phi,Nw,eta_sp,eta_sp_131,eta_sp_2,subgroup,l
77,poly(ethylene oxide),water,7,1.12,0.62,7.2,0.001322202,9090.909091,0.99601,0.642083024,62.67015437,3,0.338
78,poly(ethylene oxide),water,7,1.12,0.62,7.2,0.002650914,9090.909091,3.99002,1.034871806,62.45633277,3,0.338
79,poly(ethylene oxide),water,7,1.12,0.62,7.2,0.005328803,9090.909091,10.97605,1.141443406,42.51864655,3,0.338
80,poly(ethylene oxide),water,7,1.12,0.62,7.2,0.010765968,9090.909091,47.9022,1.984243164,45.46131309,3,0.338
81,poly(ethylene oxide),water,7,1.12,0.62,7.2,0.016315215,9090.909091,253.49102,6.093874169,104.7537699,3,0.338
82,poly(ethylene oxide),water,7,1.12,0.62,7.2,0.021979801,9090.909091,647.70259,10.54130289,147.4758156,3,0.338
83,poly(ethylene oxide),water,7,1.12,0.62,7.2,0.033670101,9090.909091,4190.61677,39.02664183,406.6134999,3,0.338
84,poly(ethylene oxide),water,7,1.12,0.62,7.2,0.04586733,9090.909091,16965.06786,105.4161397,887.0362461,3,0.338
85,poly(ethylene oxide),water,7,1.12,0.62,7.2,0.058605904,9090.909091,54889.21956,247.4696407,1757.91148,3,0.338
86,poly(ethylene oxide),water,7,1.12,0.62,7.2,0.001322202,22727.27273,2.99202,0.771528499,75.30460748,3,0.338
87,poly(ethylene oxide),water,7,1.12,0.62,7.2,0.002650914,22727.27273,8.98004,0.931643472,56.22632132,3,0.338
88,poly(ethylene oxide),water,7,1.12,0.62,7.2,0.005328803,22727.27273,40.91617,1.702014565,63.39986316,3,0.338
89,poly(ethylene oxide),water,7,1.12,0.62,7.2,0.010765968,22727.27273,328.34132,5.440326494,124.6441921,3,0.338
90,poly(ethylene oxide),water,7,1.12,0.62,7.2,0.016315215,22727.27273,1735.52695,16.68869035,286.878787,3,0.338
91,poly(ethylene oxide),water,7,1.12,0.62,7.2,0.021979801,22727.27273,7084.82834,46.12198415,645.2596323,3,0.338
92,poly(ethylene oxide),water,7,1.12,0.62,7.2,0.033670101,22727.27273,69859.27944,260.2359725,2711.364715,3,0.338
93,poly(ethylene oxide),water,7,1.12,0.62,7.2,0.04586733,22727.27273,274450.0978,682.1421541,5739.963706,3,0.338
94,poly(ethylene oxide),water,7,1.12,0.62,7.2,0.058605904,22727.27273,1297404.19,2339.753789,16620.54398,3,0.338
95,poly(ethylene oxide),water,7,1.12,0.62,7.2,0.00052809,90909.09091,2.99202,0.641219123,118.0161085,3,0.338
96,poly(ethylene oxide),water,7,1.12,0.62,7.2,0.001322202,90909.09091,11.97405,0.771913358,75.34217145,3,0.338
97,poly(ethylene oxide),water,7,1.12,0.62,7.2,0.002650914,90909.09091,95.80639,2.484883079,149.9670622,3,0.338
98,poly(ethylene oxide),water,7,1.12,0.62,7.2,0.004254485,90909.09091,507.98204,7.093236665,308.7074066,3,0.338
99,poly(ethylene oxide),water,7,1.12,0.62,7.2,0.005328803,90909.09091,1496.00599,15.55756554,579.5176764,3,0.338
100,poly(ethylene oxide),water,7,1.12,0.62,7.2,0.008033666,90909.09091,10977.04391,66.70179901,1870.899861,3,0.338
101,poly(ethylene oxide),water,7,1.12,0.62,7.2,0.010765968,90909.09091,44909.17964,186.0263885,4262.080398,3,0.338
102,poly(ethylene oxide),water,7,1.12,0.62,7.2,0.013526407,90909.09091,121755.487,374.0912031,7320.088395,3,0.338
103,poly(ethylene oxide),water,7,1.12,0.62,7.2,0.016315215,90909.09091,239519.9581,575.8012594,9898.030545,3,0.338
104,poly(ethylene oxide),water,7,1.12,0.62,7.2,0.021979801,90909.09091,693611.7745,1128.847085,15792.89071,3,0.338
105,poly(ethylene oxide),water,7,1.12,0.62,7.2,0.027763445,90909.09091,3097803.391,3713.514104,44207.89415,3,0.338
106,polystyrene,tetrahydrofuran,8,0.61,0,6.287673698,7.21E-05,75000,2.34826087,8.264865275,6023.023373,4,0.255
107,polystyrene,tetrahydrofuran,8,0.61,0,6.287673698,0.000236191,75000,9.12426087,6.794757112,2180.769379,4,0.255
108,polystyrene,tetrahydrofuran,8,0.61,0,6.287673698,0.000399412,75000,17.82315217,6.673058648,1489.639001,4,0.255
109,polystyrene,tetrahydrofuran,8,0.61,0,6.287673698,0.000641364,75000,48.02526087,9.673663075,1556.679875,4,0.255
110,polystyrene,tetrahydrofuran,8,0.61,0,6.287673698,0.000735456,75000,89.68041304,15.10086825,2210.665052,4,0.255
111,polystyrene,tetrahydrofuran,8,0.61,0,6.287673698,0.001087822,75000,322.2821522,32.51067522,3631.276478,4,0.255
112,polystyrene,tetrahydrofuran,8,0.61,0,6.287673698,0.001603409,75000,1105.035717,67.08632611,5730.947344,4,0.255
113,polystyrene,tetrahydrofuran,8,0.61,0,6.287673698,0.002774762,75000,10979.47187,325.1496994,19013.79076,4,0.255
114,polystyrene,tetrahydrofuran,8,0.61,0,6.287673698,0.000410934,17307.69231,4.293478261,6.711283822,1469.014056,4,0.255
115,polystyrene,tetrahydrofuran,8,0.61,0,6.287673698,0.000466621,17307.69231,5.12973913,6.789698847,1361.217594,4,0.255
116,polystyrene,tetrahydrofuran,8,0.61,0,6.287673698,0.000582796,17307.69231,7.412021739,7.333555508,1260.852819,4,0.255
117,polystyrene,tetrahydrofuran,8,0.61,0,6.287673698,0.001055178,17307.69231,16.51463043,7.512771964,856.994901,4,0.255
118,polystyrene,tetrahydrofuran,8,0.61,0,6.287673698,0.001143509,17307.69231,18.26417391,7.478811938,807.0151612,4,0.255
119,polystyrene,tetrahydrofuran,8,0.61,0,6.287673698,0.002258215,17307.69231,72.43019565,12.17134275,820.6347754,4,0.255
120,polystyrene,tetrahydrofuran,8,0.61,0,6.287673698,0.003098325,17307.69231,224.4888913,24.93566243,1351.144341,4,0.255
121,polystyrene,tetrahydrofuran,8,0.61,0,6.287673698,0.004176545,17307.69231,478.2547174,35.93633267,1584.111572,4,0.255
122,polystyrene,tetrahydrofuran,8,0.61,0,6.287673698,0.00551208,17307.69231,915.6176739,47.84849806,1741.181231,4,0.255
123,polystyrene,tetrahydrofuran,8,0.61,0,6.287673698,0.005301812,17307.69231,1783.978043,98.09627877,3666.922163,4,0.255
124,polystyrene,tetrahydrofuran,8,0.61,0,6.287673698,0.007406407,17307.69231,4280.528413,151.9602433,4508.614158,4,0.255
125,polystyrene,tetrahydrofuran,8,0.61,0,6.287673698,0.00872562,17307.69231,10482.47248,300.2737529,7954.849617,4,0.255
126,polystyrene,tetrahydrofuran,8,0.61,0,6.287673698,0.00949372,17307.69231,11952.6367,306.5907754,7662.168807,4,0.255
127,polystyrene,tetrahydrofuran,8,0.61,0,6.287673698,0.000796904,5769.230769,3.44373913,6.78677786,939.9404091,4,0.255
128,polystyrene,tetrahydrofuran,8,0.61,0,6.287673698,0.001058058,5769.230769,5.020304348,6.827052475,777.3080847,4,0.255
129,polystyrene,tetrahydrofuran,8,0.61,0,6.287673698,0.001577486,5769.230769,8.715891304,7.027135061,607.1036825,4,0.255
130,polystyrene,tetrahydrofuran,8,0.61,0,6.287673698,0.002095954,5769.230769,13.11,7.286678606,517.2747587,4,0.255
131,polystyrene,tetrahydrofuran,8,0.61,0,6.287673698,0.002725796,5769.230769,21.13593478,8.328899967,493.0793892,4,0.255
132,polystyrene,tetrahydrofuran,8,0.61,0,6.287673698,0.00520772,5769.230769,93.9793913,15.87069095,600.6472115,4,0.255
133,polystyrene,tetrahydrofuran,8,0.61,0,6.287673698,0.006752562,5769.230769,239.4716087,28.78364781,910.3302191,4,0.255
134,polystyrene,tetrahydrofuran,8,0.61,0,6.287673698,0.008124581,5769.230769,456.5626304,43.07696046,1198.893222,4,0.255
135,polystyrene,tetrahydrofuran,8,0.61,0,6.287673698,0.014290506,5769.230769,4280.528413,192.8584299,3633.157789,4,0.255
136,polystyrene,tetrahydrofuran,8,0.61,0,6.287673698,0.000545351,3750,1.676652174,8.351760886,1503.347851,4,0.255
137,polystyrene,tetrahydrofuran,8,0.61,0,6.287673698,0.000869874,3750,2.877195652,7.778311172,1013.97075,4,0.255
138,polystyrene,tetrahydrofuran,8,0.61,0,6.287673698,0.001091663,3750,2.927413043,5.878954918,655.0516636,4,0.255
139,polystyrene,tetrahydrofuran,8,0.61,0,6.287673698,0.002287019,3750,6.767043478,5.162034185,345.0071963,4,0.255
140,polystyrene,tetrahydrofuran,8,0.61,0,6.287673698,0.004116058,3750,19.38619565,6.852795247,305.139445,4,0.255
141,polystyrene,tetrahydrofuran,8,0.61,0,6.287673698,0.005929734,3750,48.91632609,10.72254656,370.9814035,4,0.255
142,polystyrene,tetrahydrofuran,8,0.61,0,6.287673698,0.007638758,3750,96.20471739,15.13832167,439.6626744,4,0.255
143,polystyrene,tetrahydrofuran,8,0.61,0,6.287673698,0.009325698,3750,193.2260217,23.41636571,592.4772105,4,0.255
144,polystyrene,tetrahydrofuran,8,0.61,0,6.287673698,0.00972799,3750,203.4835435,23.33327082,573.3922163,4,0.255
145,polystyrene,tetrahydrofuran,8,0.61,0,6.287673698,0.011780738,3750,290.662,25.9418126,558.4856193,4,0.255
146,polystyrene,tetrahydrofuran,8,0.61,0,6.287673698,0.012090859,3750,484.4607609,41.79267512,883.7166266,4,0.255
147,polystyrene,tetrahydrofuran,8,0.61,0,6.287673698,0.013155638,3750,484.4607609,37.42163332,746.4547913,4,0.255
148,polystyrene,tetrahydrofuran,8,0.61,0,6.287673698,0.015076849,3750,880.9115217,56.9260764,1033.427114,4,0.255
149,polystyrene,tetrahydrofuran,8,0.61,0,6.287673698,0.017111355,3750,1400.468891,76.68266016,1275.479244,4,0.255
150,polystyrene,tetrahydrofuran,8,0.61,0,6.287673698,0.018861663,3750,1917.333848,92.41888766,1437.164594,4,0.255
151,polystyrene,toluene,9,0.74,0.42,4.4,0.000960125,2557.692308,1.101,3.835056554,466.9640698,5,0.255
152,polystyrene,toluene,9,0.74,0.42,4.4,0.001440188,2557.692308,1.867,3.825098589,351.9310981,5,0.255
153,polystyrene,toluene,9,0.74,0.42,4.4,0.001920251,2557.692308,2.746,3.86070281,291.1630336,5,0.255
154,polystyrene,toluene,9,0.74,0.42,4.4,0.013787401,2557.692308,248,26.41410105,510.0803218,5,0.255
155,polystyrene,toluene,9,0.74,0.42,4.4,0.000960125,3201.923077,1.298,3.611574262,439.752424,5,0.255
156,polystyrene,toluene,9,0.74,0.42,4.4,0.001440188,3201.923077,2.267,3.710113865,341.3518414,5,0.255
157,polystyrene,toluene,9,0.74,0.42,4.4,0.001920251,3201.923077,3.411,3.830760154,288.9048451,5,0.255
158,polystyrene,toluene,9,0.74,0.42,4.4,0.000480063,6740.384615,1.099,3.598847897,707.4838723,5,0.255
159,polystyrene,toluene,9,0.74,0.42,4.4,0.000960125,6740.384615,2.875,3.800020343,462.6979913,5,0.255
160,polystyrene,toluene,9,0.74,0.42,4.4,0.001440188,6740.384615,5.205,4.046529099,372.3039803,5,0.255
161,polystyrene,toluene,9,0.74,0.42,4.4,0.001920251,6740.384615,8.592,4.583779584,345.6953914,5,0.255
162,polystyrene,toluene,9,0.74,0.42,4.4,0.005184677,6740.384615,99,14.393038,546.3954888,5,0.255
163,polystyrene,toluene,9,0.74,0.42,4.4,0.01363378,6740.384615,3924,160.9333477,3131.927906,5,0.255
164,polystyrene,toluene,9,0.74,0.42,4.4,0.002592339,9798.076923,26.2,6.492031406,397.9026756,5,0.255
165,polystyrene,toluene,9,0.74,0.42,4.4,0.003456451,9798.076923,45.5,7.736748941,388.695706,5,0.255
166,polystyrene,toluene,9,0.74,0.42,4.4,0.004416577,9798.076923,115.5,14.24916975,604.323561,5,0.255
167,polystyrene,toluene,9,0.74,0.42,4.4,0.002592339,17884.61538,113,15.33977552,940.1891857,5,0.255
168,polystyrene,toluene,9,0.74,0.42,4.4,0.003456451,17884.61538,300.4,27.98390229,1405.916457,5,0.255
169,polystyrene,toluene,9,0.74,0.42,4.4,0.004464583,17884.61538,1074,71.56945093,3012.748467,5,0.255
170,polystyrene,toluene,9,0.74,0.42,4.4,0.009601254,17884.61538,43010,1052.014749,26087.58755,5,0.255
171,polystyrene,toluene,9,0.74,0.42,4.4,0.013768198,17884.61538,170200,2597.195761,50202.54627,5,0.255
172,polystyrene,toluene,9,0.74,0.42,4.4,0.002592339,30769.23077,513.3,40.50184345,2482.395859,5,0.255
173,polystyrene,toluene,9,0.74,0.42,4.4,0.003456451,30769.23077,1375,74.45159587,3740.462026,5,0.255
174,polystyrene,toluene,9,0.74,0.42,4.4,0.004416577,30769.23077,3780,148.499018,6298.012929,5,0.255
175,polystyrene,toluene,9,0.74,0.42,4.4,0.002592339,87980.76923,13977,385.6971021,23639.73606,5,0.255
176,polystyrene,toluene,9,0.74,0.42,4.4,0.003456451,87980.76923,67463,1277.514527,64182.56747,5,0.255
177,polystyrene,toluene,9,0.74,0.42,4.4,0.004416577,87980.76923,127060,1745.699619,74037.11432,5,0.255
178,polystyrene,toluene,9,0.74,0.42,4.4,3.84E-05,226923.0769,1.185,3.144205036,3541.418388,5,0.255
179,polystyrene,toluene,9,0.74,0.42,4.4,5.76E-05,226923.0769,2.026,3.16188455,2691.013091,5,0.255
180,polystyrene,toluene,9,0.74,0.42,4.4,7.68E-05,226923.0769,3.041,3.256796404,2272.036565,5,0.255
181,polystyrene,toluene,9,0.74,0.42,4.4,9.60E-05,226923.0769,4.119,3.293975881,1969.566561,5,0.255
182,polystyrene,toluene,9,0.74,0.42,4.4,0.000192025,226923.0769,14.73,4.75377956,1760.388552,5,0.255
183,polystyrene,toluene,9,0.74,0.42,4.4,0.000883315,226923.0769,2741,120.0221093,15481.00536,5,0.255
184,polystyrene,toluene,9,0.74,0.42,4.4,0.000940923,226923.0769,2866,115.5351588,14265.57736,5,0.255
185,polystyrene,toluene,9,0.74,0.42,4.4,0.003456451,226923.0769,1254000,9206.76006,462549.3381,5,0.255
186,polystyrene,toluene,9,0.74,0.42,4.4,0.006019834,144.2307692,1.26,7.040696367,241.0702367,5,0.255
187,polystyrene,toluene,9,0.74,0.42,4.4,0.009753655,144.2307692,2.53,7.51696378,184.3859485,5,0.255
188,polystyrene,toluene,9,0.74,0.42,4.4,0.015544887,144.2307692,5.83,9.411148198,167.276717,5,0.255
189,polystyrene,toluene,9,0.74,0.42,4.4,0.0179071,144.2307692,7.89,10.58364433,170.5958907,5,0.255
190,polystyrene,toluene,9,0.74,0.42,4.4,0.027736956,144.2307692,25.35,19.17790659,228.455937,5,0.255
191,polystyrene,toluene,9,0.74,0.42,4.4,0.002665117,490.3846154,1.06,5.061163158,304.3241862,5,0.255
192,polystyrene,toluene,9,0.74,0.42,4.4,0.003997675,490.3846154,2,5.616795322,255.1985429,5,0.255
193,polystyrene,toluene,9,0.74,0.42,4.4,0.007175314,490.3846154,4.84,6.321199236,191.702026,5,0.255
194,polystyrene,toluene,9,0.74,0.42,4.4,0.015580682,490.3846154,20.71,9.803198261,173.9683861,5,0.255
195,polystyrene,toluene,9,0.74,0.42,4.4,0.024635246,490.3846154,74.63,19.3940547,250.7626196,5,0.255
196,polystyrene,toluene,9,0.74,0.42,4.4,0.002010263,1538.461538,2.15,4.732880453,345.8167764,5,0.255
197,polystyrene,toluene,9,0.74,0.42,4.4,0.002850372,1538.461538,3.57,4.975792665,285.6133391,5,0.255
198,polystyrene,toluene,9,0.74,0.42,4.4,0.004710615,1538.461538,8.14,5.878245165,238.4418816,5,0.255
199,polystyrene,toluene,9,0.74,0.42,4.4,0.008101058,1538.461538,20.59,7.312746403,203.9323953,5,0.255
200,polystyrene,toluene,9,0.74,0.42,4.4,0.010216334,1538.461538,38.22,10.01933155,238.0202319,5,0.255
201,polystyrene,toluene,9,0.74,0.42,4.4,0.000344796,17019.23077,1.84,3.680141525,909.3968763,5,0.255
202,polystyrene,toluene,9,0.74,0.42,4.4,0.000368667,17019.23077,2.14,3.92110123,925.1354363,5,0.255
203,polystyrene,toluene,9,0.74,0.42,4.4,0.000641852,17019.23077,4.81,4.265355972,686.0177483,5,0.255
204,polystyrene,toluene,9,0.74,0.42,4.4,0.001320835,17019.23077,16.96,5.848018488,571.2007695,5,0.255
205,polystyrene,toluene,9,0.74,0.42,4.4,0.002318093,17019.23077,63.81,10.5373261,697.729534,5,0.255
206,poly(methyl methacrylate),C4mim bis(trifluoromethylsulfonyl)imide,10,0.62,0.38,12.55502896,0.000500264,3061,1.28775,8.798083048,1681.007791,6,0.255
207,poly(methyl methacrylate),C4mim bis(trifluoromethylsulfonyl)imide,10,0.62,0.38,12.55502896,0.00100552,3061,2.45651,6.730193824,793.7318003,6,0.255
208,poly(methyl methacrylate),C4mim bis(trifluoromethylsulfonyl)imide,10,0.62,0.38,12.55502896,0.002009043,3061,5.36092,5.936012446,433.9078753,6,0.255
209,poly(methyl methacrylate),C4mim bis(trifluoromethylsulfonyl)imide,10,0.62,0.38,12.55502896,0.003003579,3061,9.8219,6.424683451,355.6755896,6,0.255
210,poly(methyl methacrylate),C4mim bis(trifluoromethylsulfonyl)imide,10,0.62,0.38,12.55502896,0.004013094,3061,15.51936,6.947325295,314.8123875,6,0.255
211,poly(methyl methacrylate),C4mim bis(trifluoromethylsulfonyl)imide,10,0.62,0.38,12.55502896,0.005969215,3061,33.86846,9.016442826,310.5257911,6,0.255
212,poly(methyl methacrylate),C4mim bis(trifluoromethylsulfonyl)imide,10,0.62,0.38,12.55502896,0.00701168,3061,54.23968,11.69656629,360.4206073,6,0.255
213,poly(methyl methacrylate),C4mim bis(trifluoromethylsulfonyl)imide,10,0.62,0.38,12.55502896,0.008061136,3061,75.92835,13.64142311,381.7228312,6,0.255
214,poly(methyl methacrylate),C4mim bis(trifluoromethylsulfonyl)imide,10,0.62,0.38,12.55502896,0.00907065,3061,100.72029,15.50607188,399.9234026,6,0.255
215,poly(methyl methacrylate),C4mim bis(trifluoromethylsulfonyl)imide,10,0.62,0.38,12.55502896,0.010098138,3061,148.79137,19.90508417,476.6853557,6,0.255
216,poly(methyl methacrylate),C4mim bis(trifluoromethylsulfonyl)imide,10,0.62,0.38,12.55502896,0.013204566,3061,413.69654,38.95863455,775.1224146,6,0.255
217,poly(methyl methacrylate),C4mim bis(trifluoromethylsulfonyl)imide,10,0.62,0.38,12.55502896,0.015018896,3061,611.14277,48.62714949,885.122394,6,0.255
218,poly(methyl methacrylate),C4mim bis(trifluoromethylsulfonyl)imide,10,0.62,0.38,12.55502896,0.020174308,3061,3513.94126,190.0120338,2820.550462,6,0.255
219,poly(methyl methacrylate),C8mim2 bis(trifluoromethylsulfonyl)imide2,11,0.72,0.41,8.08229989,0.001000527,3061,1.320542,3.641589317,430.9543444,7,0.255
220,poly(methyl methacrylate),C8mim2 bis(trifluoromethylsulfonyl)imide2,11,0.72,0.41,8.08229989,0.002009043,3061,3.082415,3.413080927,249.4878012,7,0.255
221,poly(methyl methacrylate),C8mim2 bis(trifluoromethylsulfonyl)imide2,11,0.72,0.41,8.08229989,0.003003579,3061,5.647386,3.694057909,204.5059861,7,0.255
222,poly(methyl methacrylate),C8mim2 bis(trifluoromethylsulfonyl)imide2,11,0.72,0.41,8.08229989,0.004013094,3061,10.486906,4.694520091,212.7283545,7,0.255
223,poly(methyl methacrylate),C8mim2 bis(trifluoromethylsulfonyl)imide2,11,0.72,0.41,8.08229989,0.005054561,3061,18.453271,6.107450771,235.9625853,7,0.255
224,poly(methyl methacrylate),C8mim2 bis(trifluoromethylsulfonyl)imide2,11,0.72,0.41,8.08229989,0.006033121,3061,22.580081,5.928049993,202.6646928,7,0.255
225,poly(methyl methacrylate),C8mim2 bis(trifluoromethylsulfonyl)imide2,11,0.72,0.41,8.08229989,0.007049625,3061,42.498034,9.100015642,279.3659545,7,0.255
226,poly(methyl methacrylate),C8mim2 bis(trifluoromethylsulfonyl)imide2,11,0.72,0.41,8.08229989,0.008061136,3061,69.916138,12.56125836,351.4969856,7,0.255
227,poly(methyl methacrylate),C8mim2 bis(trifluoromethylsulfonyl)imide2,11,0.72,0.41,8.08229989,0.010044217,3061,129.830673,17.49069468,420.4184871,7,0.255
228,poly(methyl methacrylate),C8mim2 bis(trifluoromethylsulfonyl)imide2,11,0.72,0.41,8.08229989,0.015181656,3061,1102.782636,86.51649383,1563.105519,7,0.255
229,galactomannan - guar gum,water,12,0,0.27,6.5,0.001020271,950,2.14823,18.60591208,2172.331436,8,0.54
230,galactomannan - guar gum,water,12,0,0.27,6.5,0.001730173,950,6.10231,26.47504583,2145.811656,8,0.54
231,galactomannan - guar gum,water,12,0,0.27,6.5,0.003578342,950,39.33446,65.92296007,3233.597015,8,0.54
232,galactomannan - guar gum,water,12,0,0.27,6.5,0.006970206,950,428.21477,299.8575465,9277.838543,8,0.54
233,galactomannan - guar gum,water,12,0,0.27,6.5,0.000851966,1918,3.04664,16.54795928,2188.406571,8,0.54
234,galactomannan - guar gum,water,12,0,0.27,6.5,0.001391651,1918,10.96984,31.34630314,2953.187479,8,0.54
235,galactomannan - guar gum,water,12,0,0.27,6.5,0.002157049,1918,25.84188,41.60902415,2895.712768,8,0.54
236,galactomannan - guar gum,water,12,0,0.27,6.5,0.003160756,1918,73.10223,71.38499437,3815.04865,8,0.54
237,galactomannan - guar gum,water,12,0,0.27,6.5,0.003536662,1918,175.82738,148.2125843,7329.102401,8,0.54
238,galactomannan - guar gum,water,12,0,0.27,6.5,0.00742493,1918,6666.57404,2128.658455,63047.71869,8,0.54
239,galactomannan - guar gum,water,12,0,0.27,6.5,0.010798633,1918,98733.9842,19308.24011,441448.9584,8,0.54
240,galactomannan - guar gum,water,12,0,0.27,6.5,0.000956718,2501,6.12775,21.9301106,2676.821778,8,0.54
241,galactomannan - guar gum,water,12,0,0.27,6.5,0.001252882,2501,9.13519,22.9694603,2326.931256,8,0.54
242,galactomannan - guar gum,water,12,0,0.27,6.5,0.001801799,2501,22.06378,34.48050621,2717.399828,8,0.54
243,galactomannan - guar gum,water,12,0,0.27,6.5,0.002016088,2501,44.93439,60.61695346,4420.24345,8,0.54
244,galactomannan - guar gum,water,12,0,0.27,6.5,0.0034317,2501,78.7855,52.97924343,2674.939565,8,0.54
245,galactomannan - guar gum,water,12,0,0.27,6.5,0.003671055,2501,212.90315,131.0734929,6316.647081,8,0.54
246,galactomannan - guar gum,water,12,0,0.27,6.5,0.006887907,2501,13633.51858,3683.180144,114899.9165,8,0.54
247,galactomannan - guar gum,water,12,0,0.27,6.5,0.010130801,2501,210492.2781,34319.13801,820039.7556,8,0.54
248,galactomannan - guar gum,water,12,0,0.27,6.5,0.000802645,4212,7.05861,18.87563757,2601.260314,8,0.54
249,galactomannan - guar gum,water,12,0,0.27,6.5,0.001107708,4212,15.2373,26.72839853,2948.282341,8,0.54
250,galactomannan - guar gum,water,12,0,0.27,6.5,0.001629226,4212,30.01619,31.77651733,2684.754252,8,0.54
251,galactomannan - guar gum,water,12,0,0.27,6.5,0.002265359,4212,65.33669,44.92946888,3022.697552,8,0.54
252,galactomannan - guar gum,water,12,0,0.27,6.5,0.00276284,4212,155.20072,82.3030988,4827.184509,8,0.54
253,galactomannan - guar gum,water,12,0,0.27,6.5,0.00352448,4212,651.79444,251.3222052,12457.53707,8,0.54
254,galactomannan - guar gum,water,12,0,0.27,6.5,0.007234918,4212,69618.85726,10471.93631,315770.3158,8,0.54
255,galactomannan - guar gum,water,12,0,0.27,6.5,0.009762804,4212,761065.0147,77335.7485,1895763.926,8,0.54
256,galactomannan - guar gum,water,12,0,0.27,6.5,0.000213372,12004,1.13684,6.04181331,2080.168441,8,0.54
257,galactomannan - guar gum,water,12,0,0.27,6.5,0.000241446,12004,1.29869,5.870948706,1855.835508,8,0.54
258,galactomannan - guar gum,water,12,0,0.27,6.5,0.000428267,12004,3.92657,8.383741253,1783.438488,8,0.54
259,galactomannan - guar gum,water,12,0,0.27,6.5,0.000558749,12004,13.17295,19.85759935,3514.985509,8,0.54
260,galactomannan - guar gum,water,12,0,0.27,6.5,0.000742763,12004,29.8916,31.04337321,4513.595668,8,0.54
261,galactomannan - guar gum,water,12,0,0.27,6.5,0.000991084,12004,70.70974,50.34378206,5996.976178,8,0.54
262,galactomannan - guar gum,water,12,0,0.27,6.5,0.00154773,12004,221.02425,87.80583191,7686.409841,8,0.54
263,galactomannan - guar gum,water,12,0,0.27,6.5,0.002152041,12004,2003.75968,517.0743204,36042.80352,8,0.54
264,galactomannan - guar gum,water,12,0,0.27,6.5,0.002426092,12004,3024.69643,667.1938831,42809.6104,8,0.54
265,galactomannan - M. flocculosa,water,13,0.49,0.28,3.3,0.00019455,4778,1.13078,17.03809096,6252.727511,9,0.54
266,galactomannan - M. flocculosa,water,13,0.49,0.28,3.3,0.000275729,4778,1.73802,16.59063523,4784.579033,9,0.54
267,galactomannan - M. flocculosa,water,13,0.49,0.28,3.3,0.001090991,4778,24.693,38.95158506,4341.95557,9,0.54
268,galactomannan - M. flocculosa,water,13,0.49,0.28,3.3,0.001642904,4778,138.3247,127.6851108,10725.78822,9,0.54
269,galactomannan - M. flocculosa,water,13,0.49,0.28,3.3,0.0022057,4778,740.87762,465.0865519,31871.86258,9,0.54
270,galactomannan - M. flocculosa,water,13,0.49,0.28,3.3,0.00275104,4778,2813.53739,1322.666601,77805.93669,9,0.54
271,galactomannan - M. bimucronata,water,14,0.49,0.27,7.2,0.000264416,3405,1.02606,14.51861213,4310.028868,10,0.54
272,galactomannan - M. bimucronata,water,14,0.49,0.27,7.2,0.000316495,3405,1.20047,13.42473906,3519.658183,10,0.54
273,galactomannan - M. bimucronata,water,14,0.49,0.27,7.2,0.000399043,3405,1.81775,15.00873658,3352.568371,10,0.54
274,galactomannan - M. bimucronata,water,14,0.49,0.27,7.2,0.000474543,3405,2.70147,17.77901423,3523.156132,10,0.54
275,galactomannan - M. bimucronata,water,14,0.49,0.27,7.2,0.000528823,3405,3.35544,19.16430961,3523.80356,10,0.54
276,galactomannan - M. bimucronata,water,14,0.49,0.27,7.2,0.001053055,3405,10.03151,23.25758237,2656.727952,10,0.54
277,galactomannan - M. bimucronata,water,14,0.49,0.27,7.2,0.001589214,3405,25.25302,34.16410529,2936.509714,10,0.54
278,galactomannan - M. bimucronata,water,14,0.49,0.27,7.2,0.002115212,3405,88.00036,81.88663239,5776.430192,10,0.54
279,galactomannan - M. bimucronata,water,14,0.49,0.27,7.2,0.002643901,3405,151.87329,105.5331512,6380.781992,10,0.54
280,galactomannan - M. bimucronata,water,14,0.49,0.27,7.2,0.003955614,3405,1570.44628,644.0416385,29476.65228,10,0.54
281,galactomannan - M. aspericarpa,water,15,0.49,0.28,5.8,0.000419696,1934,1.23691,16.83154567,3630.880626,11,0.54
282,galactomannan - M. aspericarpa,water,15,0.49,0.28,5.8,0.000505631,1934,1.55948,16.62942165,3153.958356,11,0.54
283,galactomannan - M. aspericarpa,water,15,0.49,0.28,5.8,0.000563466,1934,1.61887,14.98119488,2636.453247,11,0.54
284,galactomannan - M. aspericarpa,water,15,0.49,0.28,5.8,0.000564689,1934,1.87994,17.34786326,3048.378312,11,0.54
285,galactomannan - M. aspericarpa,water,15,0.49,0.28,5.8,0.001119612,1934,4.87614,18.36947449,2011.335909,11,0.54
286,galactomannan - M. aspericarpa,water,15,0.49,0.28,5.8,0.001660631,1934,15.02032,33.77603427,2816.283908,11,0.54
287,galactomannan - M. aspericarpa,water,15,0.49,0.28,5.8,0.002244034,1934,46.44146,70.41875735,4768.595989,11,0.54
288,galactomannan - M. aspericarpa,water,15,0.49,0.28,5.8,0.00416032,1934,270.06261,182.5299992,8067.788743,11,0.54
289,galactomannan - M. aspericarpa,water,15,0.49,0.28,5.8,0.0055734,1934,2404.78076,1108.468744,40029.355,11,0.54
290,galactomannan - M. taimbensis,water,16,0.5,0.28,7.6,0.000395485,1664,0.91722,15.67972702,3524.196874,12,0.54
291,galactomannan - M. taimbensis,water,16,0.5,0.28,7.6,0.000459239,1664,1.20496,16.93863928,3433.537406,12,0.54
292,galactomannan - M. taimbensis,water,16,0.5,0.28,7.6,0.000532116,1664,1.21855,14.12609351,2586.291048,12,0.54
293,galactomannan - M. taimbensis,water,16,0.5,0.28,7.6,0.001059612,1664,3.73959,17.59776403,2001.598338,12,0.54
294,galactomannan - M. taimbensis,water,16,0.5,0.28,7.6,0.001606053,1664,7.98633,21.80601441,1860.690686,12,0.54
295,galactomannan - M. taimbensis,water,16,0.5,0.28,7.6,0.002146903,1664,15.02032,28.04903859,1958.398273,12,0.54
296,galactomannan - M. taimbensis,water,16,0.5,0.28,7.6,0.004014876,1664,93.42363,76.88793746,3483.04546,12,0.54
297,galactomannan - M. taimbensis,water,16,0.5,0.28,7.6,0.005343717,1664,335.43929,189.8836215,7059.496187,12,0.54
298,galactomannan - Cassia nodosa,water,17,0,0.24,7.2,0.000230711,3373,0.88017,15.02906715,4902.455017,13,0.54
299,galactomannan - Cassia nodosa,water,17,0,0.24,7.2,0.000452031,3373,3.17069,22.44861287,4600.457286,13,0.54
300,galactomannan - Cassia nodosa,water,17,0,0.24,7.2,0.000912581,3373,12.34456,34.84669549,4394.570426,13,0.54
301,galactomannan - Cassia nodosa,water,17,0,0.24,7.2,0.001409938,3373,36.82499,58.82201378,5491.946087,13,0.54
302,galactomannan - Cassia nodosa,water,17,0,0.24,7.2,0.00224495,3373,259.58435,225.5636624,15270.34395,13,0.54
303,galactomannan - Cassia nodosa,water,17,0,0.24,7.2,0.003659451,3373,5338.79747,2447.221398,118193.946,13,0.54
304,galactomannan - Cassia nodosa,water,17,0,0.24,7.2,0.004736297,3373,19555.14546,6395.34406,258444.2378,13,0.54
305,galactomannan - Cassia nodosa,water,17,0,0.24,7.2,0.007642869,3373,320359.3699,56005.13846,1625954.012,13,0.54
306,galactomannan - Cassia nodosa,water,17,0,0.24,7.2,0.009627733,3373,1021452.351,131998.2623,3267034.312,13,0.54
307,chitosan,water,18,0.45,0.27,12.7,0.000696455,1168,1.907303615,22.14705147,3366.594952,14,0.54
308,chitosan,water,18,0.45,0.27,12.7,0.001225379,1168,4.320048614,23.94474109,2463.229769,14,0.54
309,chitosan,water,18,0.45,0.27,12.7,0.003120465,1168,27.55387785,44.93218471,2422.70901,14,0.54
310,chitosan,water,18,0.45,0.27,12.7,0.005872072,1168,119.6531427,85.29261082,2970.971756,14,0.54
311,chitosan,water,18,0.45,0.27,12.7,0.010498299,1168,605.8438294,201.8721018,4706.303936,14,0.54
312,chitosan,water,18,0.45,0.27,12.7,0.015613793,1168,4115.140968,815.5670145,14451.90305,14,0.54
313,chitosan,water,18,0.45,0.27,12.7,0.020927384,1168,36047.06075,4869.048557,70468.84105,14,0.54
314,chitosan,water,19,0.43,0.25,12.7,0.000609248,1168,2.03215,28.11237832,4687.320981,14,0.54
315,chitosan,water,19,0.43,0.25,12.7,0.001068483,1168,5.30468,35.17741885,3978.149631,14,0.54
316,chitosan,water,19,0.43,0.25,12.7,0.002710602,1168,36.14648,70.87364136,4212.031979,14,0.54
317,chitosan,water,19,0.43,0.25,12.7,0.005096184,1168,176.12823,151.13819,5806.252628,14,0.54
318,chitosan,water,19,0.43,0.25,12.7,0.009130869,1168,1093.40042,437.3439851,11228.25248,14,0.54
319,chitosan,water,19,0.43,0.25,12.7,0.013663215,1168,8409.68602,1984.781581,38568.35661,14,0.54
320,chitosan,water,19,0.43,0.25,12.7,0.018175046,1168,66825.18208,10856.02195,173199.3551,14,0.54
321,sodium hyaluronate,water,20,0.61,0,3.7,0.001580355,623,0.94021,7.003067595,604.2650971,15,0.99
322,sodium hyaluronate,water,20,0.61,0,3.7,0.002354289,623,1.49789,6.621646519,433.7828001,15,0.99
323,sodium hyaluronate,water,20,0.61,0,3.7,0.003158206,623,2.20029,6.621792641,354.0878051,15,0.99
324,sodium hyaluronate,water,20,0.61,0,3.7,0.006303247,623,6.94421,8.458360776,280.547335,15,0.99
325,sodium hyaluronate,water,20,0.61,0,3.7,0.012418464,623,29.6831,14.88321497,308.9480392,15,0.99
326,sodium hyaluronate,water,20,0.61,0,3.7,0.031205636,623,508.68525,76.35900536,838.4844668,15,0.99
327,sodium hyaluronate,water,20,0.61,0,3.7,0.062442598,623,6463.98949,391.3886179,2661.03549,15,0.99
328,sodium hyaluronate,water,20,0.61,0,3.7,0.001223745,972,1.08258,7.222983131,743.7241326,15,0.99
329,sodium hyaluronate,water,20,0.61,0,3.7,0.001624708,972,1.65964,7.641265222,646.8401821,15,0.99
330,sodium hyaluronate,water,20,0.61,0,3.7,0.003259473,972,4.51037,8.348118227,436.7683189,15,0.99
331,sodium hyaluronate,water,20,0.61,0,3.7,0.006513783,972,16.25088,12.15305251,394.0433891,15,0.99
332,sodium hyaluronate,water,20,0.61,0,3.7,0.016262537,972,204.74687,46.23039245,796.4791494,15,0.99
333,sodium hyaluronate,water,20,0.61,0,3.7,0.032247943,972,2450.70524,225.8641506,2424.492134,15,0.99
334,sodium hyaluronate,water,20,0.61,0,3.7,0.048164963,972,12010.33742,654.7307301,5326.310519,15,0.99
335,sodium hyaluronate,water,20,0.61,0,3.7,0.000724915,2492,1.29536,6.689818277,989.1639304,15,0.99
336,sodium hyaluronate,water,20,0.61,0,3.7,0.000977498,2492,1.99435,6.964536894,837.5709086,15,0.99
337,sodium hyaluronate,water,20,0.61,0,3.7,0.001933327,2492,5.46653,7.818439688,586.8850755,15,0.99
338,sodium hyaluronate,water,20,0.61,0,3.7,0.003853605,2492,20.73209,12.0213914,560.2226376,15,0.99
339,sodium hyaluronate,water,20,0.61,0,3.7,0.009645977,2492,341.88741,59.65204757,1474.492698,15,0.99
340,sodium hyaluronate,water,20,0.61,0,3.7,0.019326632,2492,5023.69502,352.9606618,5397.129934,15,0.99
341,sodium hyaluronate,water,20,0.61,0,3.7,0.028716882,2492,31275.05815,1308.56411,15218.62867,15,0.99
342,sodium hyaluronate,water,20,0.61,0,3.7,0.0004975,3364,1.16912,7.321032979,1404.161085,15,0.99
343,sodium hyaluronate,water,20,0.61,0,3.7,0.000665656,3364,1.69548,7.252481295,1137.462224,15,0.99
344,sodium hyaluronate,water,20,0.61,0,3.7,0.001325103,3364,4.70726,8.177134781,796.916695,15,0.99
345,sodium hyaluronate,water,20,0.61,0,3.7,0.002644683,3364,17.62513,12.39175606,749.08154,15,0.99
346,sodium hyaluronate,water,20,0.61,0,3.7,0.006611358,3364,249.21404,52.8128003,1694.865227,15,0.99
347,sodium hyaluronate,water,20,0.61,0,3.7,0.013212244,3364,3661.95211,313.5533205,6235.962606,15,0.99
348,sodium hyaluronate,water,20,0.61,0,3.7,0.019555619,3364,20841.1172,1068.121234,16200.25587,15,0.99
349,sodium hyaluronate,water,20,0.61,0,3.7,0.000291011,5482,0.94424,7.320389572,2033.876378,15,0.99
350,sodium hyaluronate,water,20,0.61,0,3.7,0.000583068,5482,2.21917,6.927927987,1190.729539,15,0.99
351,sodium hyaluronate,water,20,0.61,0,3.7,0.000726548,5482,2.9547,6.916193682,1021.04701,15,0.99
352,sodium hyaluronate,water,20,0.61,0,3.7,0.001080954,5482,6.00529,8.356920013,937.5199705,15,0.99
353,sodium hyaluronate,water,20,0.61,0,3.7,0.001444448,5482,9.98491,9.507641071,872.9739808,15,0.99
354,sodium hyaluronate,water,20,0.61,0,3.7,0.002157403,5482,27.13581,15.28348884,1063.509079,15,0.99
355,sodium hyaluronate,water,20,0.61,0,3.7,0.002890347,5482,58.55197,22.48880478,1278.505234,15,0.99
356,sodium hyaluronate,water,20,0.61,0,3.7,0.004328159,5482,214.5993,48.58847182,2089.694773,15,0.99
357,sodium hyaluronate,water,20,0.61,0,3.7,0.005738861,5482,654.52542,102.4381422,3625.234255,15,0.99
358,sodium hyaluronate,water,20,0.61,0,3.7,0.008638277,5482,4216.43848,386.3833039,10307.47961,15,0.99
359,sodium hyaluronate,water,20,0.61,0,3.7,0.011483484,5482,14067.29231,888.0595117,19459.16235,15,0.99
360,sodium hyaluronate,water,20,0.61,0,3.7,0.014346394,5482,37422.36004,1765.356887,33167.03384,15,0.99
361,sodium hyaluronate,water,21,0.6,0,3.2,0.000484425,3115,1.11502,7.807883294,1525.357039,16,0.99
362,sodium hyaluronate,water,21,0.6,0,3.2,0.000747386,3115,2.07956,8.255284505,1195.152949,16,0.99
363,sodium hyaluronate,water,21,0.6,0,3.2,0.001187984,3115,4.14583,8.97295288,943.0446504,16,0.99
364,sodium hyaluronate,water,21,0.6,0,3.2,0.002444693,3115,19.59577,16.49144936,1052.581238,16,0.99
365,sodium hyaluronate,water,21,0.6,0,3.2,0.003759207,3115,87.22841,41.79821209,1981.560898,16,0.99
366,sodium hyaluronate,water,21,0.6,0,3.2,0.005819068,3115,454.13783,122.8327407,4305.491785,16,0.99
367,sodium hyaluronate,water,21,0.6,0,3.2,0.000261796,9968,1.35575,6.638984884,1984.474718,16,0.99
368,sodium hyaluronate,water,21,0.6,0,3.2,0.000361681,9968,2.26058,7.251388135,1733.64616,16,0.99
369,sodium hyaluronate,water,21,0.6,0,3.2,0.000670798,9968,5.61816,8.029005992,1252.571586,16,0.99
370,sodium hyaluronate,water,21,0.6,0,3.2,0.001355137,9968,32.27228,18.37258674,1763.011776,16,0.99
371,sodium hyaluronate,water,21,0.6,0,3.2,0.002253369,9968,165.71404,48.48757276,3274.060085,16,0.99
372,sodium hyaluronate,water,21,0.6,0,3.2,0.004553041,9968,3367.04941,392.3663666,16294.39867,16,0.99
373,sodium hyaluronate,water,22,0.99,0,3.2,0.00162698,3987,0.91596,1.026250903,86.78923177,16,0.99
374,sodium hyaluronate,water,22,0.99,0,3.2,0.002184498,3987,1.33046,1.013630344,69.92818941,16,0.99
375,sodium hyaluronate,water,22,0.99,0,3.2,0.003530026,3987,2.79771,1.137290063,56.31196097,16,0.99
376,sodium hyaluronate,water,22,0.99,0,3.2,0.006798693,3987,6.90373,1.190082451,37.46163266,16,0.99
377,sodium hyaluronate,water,22,0.99,0,3.2,0.008599816,3987,10.68344,1.353982654,36.23152058,16,0.99
378,sodium hyaluronate,water,22,0.99,0,3.2,0.016617506,3987,129.26087,6.917085391,117.4056914,16,0.99
379,sodium hyaluronate,water,22,0.99,0,3.2,0.029267882,3987,1166.37987,29.75329145,341.5161055,16,0.99
380,sodium hyaluronate,water,23,0.54,0,3.2,0.000293829,3987,1.11502,11.73678568,3239.269692,16,0.99
381,sodium hyaluronate,water,23,0.54,0,3.2,0.000450354,3987,1.9133,11.51600183,2366.076526,16,0.99
382,sodium hyaluronate,water,23,0.54,0,3.2,0.000914685,3987,6.8123,16.21962389,2042.228889,16,0.99
383,sodium hyaluronate,water,23,0.54,0,3.2,0.00180884,3987,26.71672,26.05717193,2048.031333,16,0.99
384,sodium hyaluronate,water,23,0.54,0,3.2,0.003472076,3987,171.02516,71.04570425,3558.240709,16,0.99
385,sodium hyaluronate,water,23,0.54,0,3.2,0.006821261,3987,1410.42337,242.0800113,7602.806292,16,0.99
386,sodium hyaluronate,PBS,24,0.63,0,3.2,0.000548607,3738,1.24103,6.153546916,1103.113739,16,0.99
387,sodium hyaluronate,PBS,24,0.63,0,3.2,0.001097287,3738,3.32517,6.654278171,738.8122515,16,0.99
388,sodium hyaluronate,PBS,24,0.63,0,3.2,0.002190468,3738,12.34818,9.998532933,688.4776216,16,0.99
389,sodium hyaluronate,PBS,24,0.63,0,3.2,0.002920964,3738,24.40666,13.55948304,765.2734479,16,0.99
390,sodium hyaluronate,PBS,24,0.63,0,3.2,0.003656862,3738,43.72685,18.1032839,874.7657136,16,0.99
391,sodium hyaluronate,PBS,24,0.63,0,3.2,0.004368618,3738,72.14466,23.6657229,1011.29242,16,0.99
392,sodium hyaluronate,PBS,24,0.63,0,3.2,0.005814351,3738,253.86145,57.27999208,2008.8845,16,0.99
393,sodium hyaluronate,PBS,24,0.63,0,3.2,0.007272241,3738,656.88273,110.5890373,3322.859828,16,0.99
394,sodium hyaluronate,PBS,24,0.63,0,3.2,0.012529729,3738,6577.49607,543.283398,11208.25349,16,0.99
395,sodium carboxymethylcellulose,water,25,0.4,0.25,9.6,0.000399289,811,1.04566,36.21983046,8087.139767,17,0.54
396,sodium carboxymethylcellulose,water,25,0.4,0.25,9.6,0.00079757,811,2.47453,34.65359504,4796.608241,17,0.54
397,sodium carboxymethylcellulose,water,25,0.4,0.25,9.6,0.001195988,811,4.64679,38.29103314,4005.701172,17,0.54
398,sodium carboxymethylcellulose,water,25,0.4,0.25,9.6,0.002398901,811,20.44309,67.73746277,4380.271555,17,0.54
399,sodium carboxymethylcellulose,water,25,0.4,0.25,9.6,0.003982766,811,73.80017,125.9377389,5736.763232,17,0.54
400,sodium carboxymethylcellulose,water,25,0.4,0.25,9.6,0.007988603,811,755.56639,518.4522858,14598.56267,17,0.54
401,sodium carboxymethylcellulose,water,25,0.4,0.25,9.6,0.011954353,811,4302.79484,1742.035137,37125.95492,17,0.54
402,sodium carboxymethylcellulose,water,25,0.4,0.25,9.6,0.015990222,811,17525.26062,4848.634251,84515.16512,17,0.54
403,sodium carboxymethylcellulose,water,25,0.4,0.25,9.6,0.019971267,811,61386.72403,12695.61021,189776.4714,17,0.54
404,sodium alginate,water,26,0.64,0,3.6,0.005749303,252,1.6662,5.659361427,200.030488,18,1.08
405,sodium alginate,water,26,0.64,0,3.6,0.011507968,252,4.33096,5.931212991,129.7735965,18,1.08
406,sodium alginate,water,26,0.64,0,3.6,0.019185608,252,11.1823,7.844129922,120.5534005,18,1.08
407,sodium alginate,water,26,0.64,0,3.6,0.038322775,252,64.1092,18.18166943,173.2231445,18,1.08
408,sodium alginate,water,26,0.64,0,3.6,0.057347173,252,302.60943,50.63679294,365.1387205,18,1.08
409,sodium alginate,water,26,0.64,0,3.6,0.076548767,252,781.32019,89.58646105,529.117477,18,1.08
410,sodium alginate,water,26,0.64,0,3.6,0.095805771,252,1746.55811,149.2930103,755.0907645,18,1.08
411,sodium alginate,water,26,0.64,0,3.6,0.114787817,252,3983.55559,268.7653176,1199.716821,18,1.08
412,sodium alginate,water,26,0.64,0,3.6,0.134423166,252,12660.97777,694.716136,2780.471614,18,1.08
413,hydroxypropyl methyl cellulose,water,27,0.43,0,3,0.00030315,2281,1.59516,28.17339673,7609.6349,19,0.54
414,hydroxypropyl methyl cellulose,water,27,0.43,0,3,0.000504351,2281,3.07687,27.91120031,5302.956805,19,0.54
415,hydroxypropyl methyl cellulose,water,27,0.43,0,3,0.000756293,2281,7.16029,38.21989718,5488.139796,19,0.54
416,hydroxypropyl methyl cellulose,water,27,0.43,0,3,0.001108463,2281,18.6743,60.43451111,6663.104797,19,0.54
417,hydroxypropyl methyl cellulose,water,27,0.43,0,3,0.001513813,2281,34.71666,74.71668324,6641.530784,19,0.54
418,hydroxypropyl methyl cellulose,water,27,0.43,0,3,0.002016489,2281,117.99053,174.4768293,12721.26068,19,0.54
419,hydroxypropyl methyl cellulose,water,27,0.43,0,3,0.002523769,2281,217.88613,240.1944325,14997.02436,19,0.54
420,hydroxypropyl methyl cellulose,water,27,0.43,0,3,0.003023809,2281,327.95772,285.3621028,15724.75409,19,0.54
421,hydroxypropyl methyl cellulose,water,27,0.43,0,3,0.003526369,2281,547.68523,389.6814471,19308.57546,19,0.54
422,hydroxypropyl methyl cellulose,water,27,0.43,0,3,0.004027893,2281,1096.09665,655.297216,29618.81744,19,0.54
423,hydroxypropyl methyl cellulose,water,27,0.43,0,3,0.005041168,2281,4663.22144,2078.351059,80444.88074,19,0.54
424,hydroxypropyl methyl cellulose,water,27,0.43,0,3,0.006052542,2281,8756.82491,3072.162194,104796.2536,19,0.54
425,hydroxypropyl methyl cellulose,water,27,0.43,0,3,0.00654978,2281,9946.28842,3146.862466,101644.1382,19,0.54
426,hydroxypropyl methyl cellulose,water,27,0.43,0,3,0.007559423,2281,16947.59468,4444.573611,130018.6008,19,0.54
427,hydroxypropyl methyl cellulose,water,27,0.43,0,3,0.008062346,2281,20378.31912,4912.2086,137442.2351,19,0.54
428,hydroxypropyl methyl cellulose,water,27,0.43,0,3,0.009076014,2281,35906.39428,7412.395918,191098.0238,19,0.54
429,hydroxypropyl methyl cellulose,water,27,0.43,0,3,0.010090552,2281,69725.05084,12529.69081,300215.9105,19,0.54
430,methyl cellulose,water,28,0.43,0,3.4,0.000497194,1200,1.54258,27.10100877,5200.135883,20,0.54
431,methyl cellulose,water,28,0.43,0,3.4,0.000744016,1200,2.36902,24.55698693,3566.34153,20,0.54
432,methyl cellulose,water,28,0.43,0,3.4,0.00109047,1200,4.74118,29.79711024,3322.597648,20,0.54
433,methyl cellulose,water,28,0.43,0,3.4,0.001486152,1200,8.60976,36.0825912,3248.503499,20,0.54
434,methyl cellulose,water,28,0.43,0,3.4,0.001987884,1200,15.17031,43.44607965,3199.124436,20,0.54
435,methyl cellulose,water,28,0.43,0,3.4,0.002482801,1200,20.58059,44.05938904,2782.228221,20,0.54
436,methyl cellulose,water,28,0.43,0,3.4,0.002980911,1200,38.26058,64.47572093,3588.163995,20,0.54
437,methyl cellulose,water,28,0.43,0,3.4,0.003476343,1200,69.47936,95.74154971,4791.034768,20,0.54
438,methyl cellulose,water,28,0.43,0,3.4,0.00396251,1200,128.73417,149.4618763,6832.377421,20,0.54
439,methyl cellulose,water,28,0.43,0,3.4,0.004969651,1200,246.65409,212.9057167,8322.528545,20,0.54
440,methyl cellulose,water,28,0.43,0,3.4,0.005954294,1200,490.33722,334.0715045,11525.32193,20,0.54
441,methyl cellulose,water,28,0.43,0,3.4,0.00644346,1200,632.59189,388.6757835,12697.08714,20,0.54
442,methyl cellulose,water,28,0.43,0,3.4,0.007436714,1200,1164.26114,592.9520504,17543.12656,20,0.54
443,methyl cellulose,water,28,0.43,0,3.4,0.007964503,1200,1700.34836,791.6462579,22337.74354,20,0.54
444,methyl cellulose,water,28,0.43,0,3.4,0.008947261,1200,2745.96287,1097.860871,28584.67126,20,0.54
445,methyl cellulose,water,28,0.43,0,3.4,0.009926756,1200,3312.91728,1156.136889,28016.54984,20,0.54
446,methyl cellulose,water,28,0.43,0,3.4,0.012372459,1200,15901.96809,4159.632295,86568.04005,20,0.54
447,methyl cellulose,water,28,0.43,0,3.4,0.014885549,1200,24751.16092,5082.569939,93086.05267,20,0.54
448,methyl cellulose,water,28,0.43,0,3.4,0.017359551,1200,56832.23031,9542.945605,157157.9943,20,0.54
449,methyl cellulose,water,28,0.43,0,3.4,0.019869686,1200,99135.95885,13949.17913,209251.2001,20,0.54
450,sodium kappa-carrageenan,water,29,0.63,0.39,10.8,0.001562955,1053,1.415169661,6.327396753,550.1576926,21,0.99
451,sodium kappa-carrageenan,water,29,0.63,0.39,10.8,0.001666549,1053,1.48502994,6.104788163,507.7742388,21,0.99
452,sodium kappa-carrageenan,water,29,0.63,0.39,10.8,0.003152499,1053,3.520958084,6.284117828,336.4515774,21,0.99
453,sodium kappa-carrageenan,water,29,0.63,0.39,10.8,0.004870223,1053,6.804391218,6.87273231,272.4351935,21,0.99
454,sodium kappa-carrageenan,water,29,0.63,0.39,10.8,0.006684028,1053,13.00199601,8.677411974,276.3790605,21,0.99
455,sodium kappa-carrageenan,water,29,0.63,0.39,10.8,0.011840962,1053,48.05189621,15.17144476,325.467917,21,0.99
456,sodium kappa-carrageenan,water,29,0.63,0.39,10.8,0.015906947,1053,116.6247505,25.0210938,437.7122371,21,0.99
457,sodium kappa-carrageenan,water,29,0.63,0.39,10.8,0.017880156,1053,130.2175649,23.97249928,386.8108,21,0.99
458,sodium kappa-carrageenan,water,29,0.63,0.39,10.8,0.018661698,1053,196.6047904,34.22304593,536.1217299,21,0.99
459,sodium kappa-carrageenan,water,29,0.63,0.39,10.8,0.022113145,1053,379.7984032,52.94349077,737.6048029,21,0.99
460,sodium kappa-carrageenan,water,29,0.63,0.39,10.8,0.029285806,1053,998.8902196,96.40123731,1106.050681,21,0.99
461,sodium kappa-carrageenan,water,29,0.63,0.39,10.8,0.037160714,1053,3576.42515,252.7193552,2459.533087,21,0.99
462,sodium kappa-carrageenan,water,29,0.63,0.39,10.8,0.037320034,1053,3999.02994,281.0037451,2726.730544,21,0.99
463,sodium kappa-carrageenan,water,29,0.63,0.39,10.8,0.002151348,1298,2.36109,5.637080719,393.0216867,21,0.99
464,sodium kappa-carrageenan,water,29,0.63,0.39,10.8,0.00572419,1298,10.92299,7.244294709,256.8258667,21,0.99
465,sodium kappa-carrageenan,water,29,0.63,0.39,10.8,0.008583653,1298,28.67916,11.19204211,299.8799495,21,0.99
466,sodium kappa-carrageenan,water,29,0.63,0.39,10.8,0.012194633,1298,68.55407,16.89558744,355.1575749,21,0.99
467,sodium kappa-carrageenan,water,29,0.63,0.39,10.8,0.014310319,1298,127.87409,25.5610942,481.0710623,21,0.99
468,sodium kappa-carrageenan,water,29,0.63,0.39,10.8,0.021503501,1298,493.63522,57.90433278,822.4568061,21,0.99
469,sodium kappa-carrageenan,water,29,0.63,0.39,10.8,0.028643964,1298,1677.704,135.2168472,1575.340394,21,0.99
470,sodium kappa-carrageenan,water,29,0.63,0.39,10.8,0.035775367,1298,5156.50315,310.6670023,3103.933439,21,0.99
471,sodium kappa-carrageenan,water,29,0.63,0.39,10.8,0.042952708,1298,10961.61782,519.851557,4577.399992,21,0.99
472,sodium kappa-carrageenan,water,29,0.63,0.39,10.8,0.049987559,1298,28877.20055,1122.899007,8903.413364,21,0.99
473,sodium kappa-carrageenan,water,29,0.63,0.39,10.8,0.057334594,1298,88458.46438,2874.57524,20731.5236,21,0.99
474,hydroxypropyl cellulose,water,30,0.5,0,3.4,0.001242783,465,1.12371,15.35849995,1564.626512,22,0.54
475,hydroxypropyl cellulose,water,30,0.5,0,3.4,0.001789374,465,1.72102,14.59734604,1155.927828,22,0.54
476,hydroxypropyl cellulose,water,30,0.5,0,3.4,0.002423705,465,3.01412,17.18554855,1103.438336,22,0.54
477,hydroxypropyl cellulose,water,30,0.5,0,3.4,0.00358022,465,5.27878,18.06215086,885.6480711,22,0.54
478,hydroxypropyl cellulose,water,30,0.5,0,3.4,0.004782981,465,9.56023,22.39025461,898.7069007,22,0.54
479,hydroxypropyl cellulose,water,30,0.5,0,3.4,0.008570135,465,35.51568,38.76865295,1039.900663,22,0.54
480,hydroxypropyl cellulose,water,30,0.5,0,3.4,0.012461545,465,102.85042,68.77966667,1424.325785,22,0.54
481,hydroxypropyl cellulose,water,31,0.49,0,2.9,0.000442998,1703,1.113,16.02533073,3330.251138,23,0.54
482,hydroxypropyl cellulose,water,31,0.49,0,2.9,0.000465366,1703,1.31613,17.76681039,3568.575095,23,0.54
483,hydroxypropyl cellulose,water,31,0.49,0,2.9,0.00078598,1703,2.85943,19.43848173,2717.952303,23,0.54
484,hydroxypropyl cellulose,water,31,0.49,0,2.9,0.001129437,1703,5.15387,21.79863345,2372.437553,23,0.54
485,hydroxypropyl cellulose,water,31,0.49,0,2.9,0.001671658,1703,12.9896,32.88553496,2729.519917,23,0.54
486,hydroxypropyl cellulose,water,31,0.49,0,2.9,0.002233245,1703,24.2109,41.95414345,2850.516409,23,0.54
487,hydroxypropyl cellulose,water,31,0.49,0,2.9,0.004521464,1703,189.87204,130.6931459,5453.661945,23,0.54
488,hydroxypropyl cellulose,water,31,0.49,0,2.9,0.006892874,1703,1188.90095,471.2484699,14693.67219,23,0.54
489,hydroxypropyl cellulose,water,31,0.49,0,2.9,0.00908237,1703,3143.47021,868.3780751,22376.71448,23,0.54
490,hydroxypropyl cellulose,water,32,0.51,0,2.7,0.000240855,6361,1.6803,14.38080954,4553.549888,24,0.54
491,hydroxypropyl cellulose,water,32,0.51,0,2.7,0.000476245,6361,4.79658,16.81883025,3324.646221,24,0.54
492,hydroxypropyl cellulose,water,32,0.51,0,2.7,0.000830118,6361,15.73259,26.65718693,3589.179406,24,0.54
493,hydroxypropyl cellulose,water,32,0.51,0,2.7,0.001140009,6361,50.86616,56.90073164,6153.001168,24,0.54
494,hydroxypropyl cellulose,water,32,0.51,0,2.7,0.001762055,6361,236.67172,149.7295578,11983.45505,24,0.54
495,hydroxypropyl cellulose,water,32,0.51,0,2.7,0.00239141,6361,725.92819,307.9281298,19955.38836,24,0.54
496,hydroxypropyl cellulose,water,32,0.51,0,2.7,0.003574524,6361,4013.24152,1005.92096,49377.99671,24,0.54
497,hydroxypropyl cellulose,water,32,0.51,0,2.7,0.004709959,6361,11903.69447,2079.435611,84357.19348,24,0.54
498,hydroxypropyl cellulose,water,32,0.51,0,2.7,0.005954511,6361,25738.34087,3307.960042,114120.3116,24,0.54
499,hydroxypropyl cellulose,water,32,0.51,0,2.7,0.007137911,6361,67081.6712,6800.492275,206983.7357,24,0.54
500,hydroxypropyl cellulose,water,32,0.51,0,2.7,0.009725612,6361,287712.8958,19455.8632,478189.5196,24,0.54
501,hydroxyethyl cellulose,water,33,0,0.23,9.7,0.000313041,1963,1.1562986,22.75407028,6011.007305,25,0.54
502,hydroxyethyl cellulose,water,33,0,0.23,9.7,0.00033791,1963,1.391489713,24.77500957,6208.084388,25,0.54
503,hydroxyethyl cellulose,water,33,0,0.23,9.7,0.000421775,1963,1.904101083,25.36314845,5452.655155,25,0.54
504,hydroxyethyl cellulose,water,33,0,0.23,9.7,0.000768584,1963,7.337025019,44.55740983,6327.279536,25,0.54
505,hydroxyethyl cellulose,water,33,0,0.23,9.7,0.000926896,1963,10.99284236,52.24496014,6518.20004,25,0.54
506,hydroxyethyl cellulose,water,33,0,0.23,9.7,0.001229904,1963,17.56264812,57.64196695,5914.625788,25,0.54
507,hydroxyethyl cellulose,water,33,0,0.23,9.7,0.001657109,1963,36.83239844,81.82811236,6832.939074,25,0.54
508,hydroxyethyl cellulose,water,33,0,0.23,9.7,0.002232704,1963,76.08516732,114.418433,7775.304383,25,0.54
509,hydroxyethyl cellulose,water,33,0,0.23,9.7,0.002503982,1963,87.83346179,113.6770203,7136.368954,25,0.54
510,hydroxyethyl cellulose,water,33,0,0.23,9.7,0.003054507,1963,194.2092898,193.7811724,10603.94462,25,0.54
511,hydroxyethyl cellulose,water,33,0,0.23,9.7,0.003532004,1963,509.0143195,419.9581876,20785.82789,25,0.54
512,hydroxyethyl cellulose,water,33,0,0.23,9.7,0.00432515,1963,1246.349948,788.785651,33940.43098,25,0.54
513,hydroxyethyl cellulose,water,33,0,0.23,9.7,0.005196144,1963,3354.208074,1669.612941,63285.95589,25,0.54
514,hydroxyethyl cellulose,water,33,0,0.23,9.7,0.006218722,1963,9233.790141,3633.167578,121634.6795,25,0.54
515,hydroxyethyl cellulose,water,33,0,0.23,9.7,0.006947701,1963,19291.6778,6565.457409,203595.1651,25,0.54
516,xanthan gum,water,34,0,0,4.4,0.000239895,12335,0.943820225,4.187379062,1329.559364,26,1.08
517,xanthan gum,water,34,0,0,4.4,0.000277511,12335,1.438202247,5.273187505,1513.980928,26,1.08
518,xanthan gum,water,34,0,0,4.4,0.000352834,12335,2.011235955,5.385310452,1309.733736,26,1.08
519,xanthan gum,water,34,0,0,4.4,0.000448013,12335,2.640449438,5.172091121,1066.491675,26,1.08
520,xanthan gum,water,34,0,0,4.4,0.000541908,12335,3.056179775,4.666661336,843.7011066,26,1.08
521,xanthan gum,water,34,0,0,4.4,0.00073765,12335,4.033707865,4.113747289,600.9863313,26,1.08
522,xanthan gum,water,34,0,0,4.4,0.000934181,12335,7.853932584,5.879662885,729.601898,26,1.08
523,xanthan gum,water,34,0,0,4.4,0.001135913,12335,10.98876404,6.368982768,690.4298421,26,1.08
524,xanthan gum,water,34,0,0,4.4,0.001536103,12335,20.93258427,8.172964038,719.1889727,26,1.08
525,xanthan gum,water,34,0,0,4.4,0.001940267,12335,34.39325843,9.891306862,740.6468406,26,1.08
526,xanthan gum,water,34,0,0,4.4,0.002356165,12335,50.38202247,11.2371914,735.7411429,26,1.08
527,xanthan gum,water,34,0,0,4.4,0.003207233,12335,110.2921348,16.42980723,869.2493317,26,1.08
528,xanthan gum,water,34,0,0,4.4,0.004099214,12335,231.6966292,25.03329445,1117.839313,26,1.08
529,xanthan gum,water,34,0,0,4.4,0.0049259,12335,493.258427,41.90271642,1648.02645,26,1.08
530,xanthan gum,water,34,0,0,4.4,0.006254696,12335,965.7752809,60.01831271,2001.35679,26,1.08
531,xanthan gum,water,34,0,0,4.4,0.008525129,12335,4735.157303,196.2012883,5281.938478,26,1.08
532,xanthan gum,water,34,0,0,4.4,0.013127917,12335,39559.46067,931.5489522,18608.85122,26,1.08
533,xanthan gum,water,34,0,0,4.4,0.017706449,12335,151954.0899,2418.771665,39292.55721,26,1.08
534,xanthan gum,water,35,0.41,0,2.6,5.36E-05,8047,0.66986,32.39279978,28974.80117,27,1.08
535,xanthan gum,water,35,0.41,0,2.6,0.000111123,8047,2.16006,40.22361355,21738.21592,27,1.08
536,xanthan gum,water,35,0.41,0,2.6,0.000222162,8047,7.37026,55.42358954,18557.06352,27,1.08
537,xanthan gum,water,35,0.41,0,2.6,0.000436683,8047,40.23113,124.9155021,26217.76457,27,1.08
538,xanthan gum,water,35,0.41,0,2.6,0.00086366,8047,374.61243,476.3988315,62411.20538,27,1.08
539,xanthan gum,water,35,0.41,0,2.6,0.00129391,8047,1793.8734,1343.965327,133152.5997,27,1.08
540,xanthan gum,water,35,0.41,0,2.6,0.001783534,8047,6610.91279,3254.0682,258264.4567,27,1.08
541,apple pectin,water,36,0.78,0.43,8.7,0.001221552,2380,1.09059,2.978701719,307.0864373,28,0.54
542,apple pectin,water,36,0.78,0.43,8.7,0.002429544,2380,3.06636,3.405133811,218.2713058,28,0.54
543,apple pectin,water,36,0.78,0.43,8.7,0.003641067,2380,6.09181,3.983625121,193.0687796,28,0.54
544,apple pectin,water,36,0.78,0.43,8.7,0.007270646,2380,22.33837,5.908302778,177.553208,28,0.54
545,apple pectin,water,36,0.78,0.43,8.7,0.009629738,2380,58.11592,10.64060286,263.3232567,28,0.54
546,apple pectin,water,36,0.78,0.43,8.7,0.014345741,2380,202.08375,21.95941085,412.5802776,28,0.54
547,apple pectin,water,36,0.78,0.43,8.7,0.018812095,2380,660.92094,50.3689219,784.6901993,28,0.54
548,apple pectin,water,36,0.78,0.43,8.7,0.023563692,2380,1991.94217,113.0501952,1507.34649,28,0.54
549,apple pectin,water,36,0.78,0.43,8.7,0.027802478,2380,5289.2371,241.7441606,2875.074263,28,0.54
550,apple pectin,water,37,0.75,0.42,8.3,0.001134073,2400,0.99277,2.963598226,321.6291341,29,0.54
551,apple pectin,water,37,0.75,0.42,8.3,0.002251048,2400,2.59338,3.155875741,213.2482148,29,0.54
552,apple pectin,water,37,0.75,0.42,8.3,0.003400573,2400,5.11023,3.623947949,184.1301899,29,0.54
553,apple pectin,water,37,0.75,0.42,8.3,0.004715211,2400,9.78573,4.524156024,183.3917201,29,0.54
554,apple pectin,water,37,0.75,0.42,8.3,0.006844758,2400,27.51397,7.809854385,244.6954093,29,0.54
555,apple pectin,water,37,0.75,0.42,8.3,0.008816208,2400,57.17378,11.65218458,306.4940223,29,0.54
556,apple pectin,water,37,0.75,0.42,8.3,0.013344885,2400,245.87228,29.12558922,575.2659324,29,0.54
557,apple pectin,water,37,0.75,0.42,8.3,0.017851885,2400,797.58797,64.5563512,1042.795605,29,0.54
558,apple pectin,water,37,0.75,0.42,8.3,0.022450272,2400,2619.21564,157.0532454,2165.293636,29,0.54
559,apple pectin,water,37,0.75,0.42,8.3,0.026647609,2400,6382.9599,305.8212215,3745.367,29,0.54
560,cellulose tris(phenyl carbamate),tetrahydrofuran,38,0.46,0,3.4,0.01110311,29,1.55,19.33090698,433.5552159,30,0.54
561,cellulose tris(phenyl carbamate),tetrahydrofuran,38,0.46,0,3.4,0.016571615,29,3.060869565,22.60066016,384.3413889,30,0.54
562,cellulose tris(phenyl carbamate),tetrahydrofuran,38,0.46,0,3.4,0.02339447,29,5.85,27.50593678,368.5797293,30,0.54
563,cellulose tris(phenyl carbamate),tetrahydrofuran,38,0.46,0,3.4,0.006832001,67,1.995652174,20.34095816,638.1374085,30,0.54
564,cellulose tris(phenyl carbamate),tetrahydrofuran,38,0.46,0,3.4,0.011219961,67,4.286956522,22.82662071,508.2666117,30,0.54
565,cellulose tris(phenyl carbamate),tetrahydrofuran,38,0.46,0,3.4,0.016223037,67,8.973913043,29.48940492,508.9120531,30,0.54
566,cellulose tris(phenyl carbamate),tetrahydrofuran,38,0.46,0,3.4,0.022186208,67,19.21086957,41.90684279,582.5135877,30,0.54
567,cellulose tris(phenyl carbamate),tetrahydrofuran,38,0.46,0,3.4,0.003741812,112,1.506521739,20.20001393,960.7125264,30,0.54
568,cellulose tris(phenyl carbamate),tetrahydrofuran,38,0.46,0,3.4,0.006961596,112,3.747826087,22.29671932,690.4683474,30,0.54
569,cellulose tris(phenyl carbamate),tetrahydrofuran,38,0.46,0,3.4,0.011371458,112,9.42826087,29.50915848,651.0004136,30,0.54
570,cellulose tris(phenyl carbamate),tetrahydrofuran,38,0.46,0,3.4,0.016659278,112,23.71521739,45.02816516,762.9511577,30,0.54
571,cellulose tris(phenyl carbamate),tetrahydrofuran,38,0.46,0,3.4,0.02333248,112,58.35869565,71.29587173,957.1185854,30,0.54
572,cellulose tris(phenyl carbamate),tetrahydrofuran,38,0.46,0,3.4,0.002195805,150,1.095652174,22.03792763,1514.934676,30,0.54
573,cellulose tris(phenyl carbamate),tetrahydrofuran,38,0.46,0,3.4,0.003701656,150,2.189130435,22.22839237,1065.094805,30,0.54
574,cellulose tris(phenyl carbamate),tetrahydrofuran,38,0.46,0,3.4,0.005599941,150,4.054347826,23.94603455,861.9118321,30,0.54
575,cellulose tris(phenyl carbamate),tetrahydrofuran,38,0.46,0,3.4,0.008768617,150,9.760869565,32.05500205,846.3208649,30,0.54
576,cellulose tris(phenyl carbamate),tetrahydrofuran,38,0.46,0,3.4,0.01215085,150,19.39130435,41.5503905,875.5933297,30,0.54
577,cellulose tris(phenyl carbamate),tetrahydrofuran,38,0.46,0,3.4,0.01600948,150,36.96086957,55.20043628,961.3830686,30,0.54
578,cellulose tris(phenyl carbamate),tetrahydrofuran,38,0.46,0,3.4,0.020652978,150,73.22826087,78.36236058,1144.5166,30,0.54
579,cellulose tris(phenyl carbamate),tetrahydrofuran,38,0.46,0,3.4,0.026221889,150,158.4282609,124.0374837,1536.078627,30,0.54
580,cellulose tris(phenyl carbamate),tetrahydrofuran,38,0.46,0,3.4,0.001719408,289,1.517391304,21.81793768,1775.995504,30,0.54
581,cellulose tris(phenyl carbamate),tetrahydrofuran,38,0.46,0,3.4,0.003586664,289,4.57826087,25.14602388,1231.462822,30,0.54
582,cellulose tris(phenyl carbamate),tetrahydrofuran,38,0.46,0,3.4,0.00688676,289,15.30652174,35.79332436,1116.731517,30,0.54
583,cellulose tris(phenyl carbamate),tetrahydrofuran,38,0.46,0,3.4,0.010725311,289,45.62826087,59.74940623,1372.512425,30,0.54
584,cellulose tris(phenyl carbamate),tetrahydrofuran,38,0.46,0,3.4,0.017017032,289,226.973913,162.4333504,2712.129803,30,0.54
585,cellulose tris(phenyl carbamate),tetrahydrofuran,38,0.46,0,3.4,0.023834431,289,619.5608696,285.2749513,3773.779848,30,0.54
586,cellulose tris(phenyl carbamate),tetrahydrofuran,38,0.46,0,3.4,0.001295945,447,1.802173913,24.25638769,2400.579178,30,0.54
587,cellulose tris(phenyl carbamate),tetrahydrofuran,38,0.46,0,3.4,0.002809097,447,6.293478261,30.77198758,1784.225498,30,0.54
588,cellulose tris(phenyl carbamate),tetrahydrofuran,38,0.46,0,3.4,0.005227585,447,22.73913043,49.31547384,1861.504641,30,0.54
589,cellulose tris(phenyl carbamate),tetrahydrofuran,38,0.46,0,3.4,0.007927166,447,59.97391304,75.42242193,2135.103621,30,0.54
590,cellulose tris(phenyl carbamate),tetrahydrofuran,38,0.46,0,3.4,0.011926342,447,250.5347826,184.595522,3940.451512,30,0.54
591,cellulose tris(phenyl carbamate),tetrahydrofuran,38,0.46,0,3.4,0.017062663,447,878.473913,405.0383992,6750.372203,30,0.54
592,cellulose tris(phenyl carbamate),tetrahydrofuran,38,0.46,0,3.4,0.024409392,447,2861.75,825.7559374,10745.09463,30,0.54
593,cellulose tris(phenyl carbamate),tetrahydrofuran,38,0.46,0,3.4,0.000562184,866,0.976086957,20.23281801,3566.265359,30,0.54
594,cellulose tris(phenyl carbamate),tetrahydrofuran,38,0.46,0,3.4,0.001358004,866,3.480434783,22.74379468,2179.282392,30,0.54
595,cellulose tris(phenyl carbamate),tetrahydrofuran,38,0.46,0,3.4,0.002794495,866,13.32391304,33.85702521,1970.185978,30,0.54
596,cellulose tris(phenyl carbamate),tetrahydrofuran,38,0.46,0,3.4,0.005130846,866,64.49347826,73.98313855,2828.915326,30,0.54
597,cellulose tris(phenyl carbamate),tetrahydrofuran,38,0.46,0,3.4,0.007969147,866,297.1086957,191.5316786,5402.239013,30,0.54
598,cellulose tris(phenyl carbamate),tetrahydrofuran,38,0.46,0,3.4,0.012085141,866,1355.906522,506.8198116,10720.33641,30,0.54
599,cellulose tris(phenyl carbamate),tetrahydrofuran,38,0.46,0,3.4,0.017153927,866,5140.880435,1214.960266,20174.02228,30,0.54
600,cellulose tris(phenyl carbamate),tetrahydrofuran,38,0.46,0,3.4,0.022843307,866,20465.83478,3324.549524,45289.09255,30,0.54
601,poly(ethylene oxide),1-butyl-3-methylimidazolium bis(trifluoromethylsulfonyl)imide,39,1.19,0,3.5,8.51E-04,22318,1.10044,0.514431912,68.08508356,31,0.338
602,poly(ethylene oxide),1-butyl-3-methylimidazolium bis(trifluoromethylsulfonyl)imide,39,1.19,0,3.5,0.00138,22318,2.04097,0.506751577,48.02011271,31,0.338
603,poly(ethylene oxide),1-butyl-3-methylimidazolium bis(trifluoromethylsulfonyl)imide,39,1.19,0,3.5,0.0017,22318,2.77954,0.525272315,43.09429818,31,0.338
604,poly(ethylene oxide),1-butyl-3-methylimidazolium bis(trifluoromethylsulfonyl)imide,39,1.19,0,3.5,0.00218,22318,3.90827,0.533365567,36.84820176,31,0.338
605,poly(ethylene oxide),1-butyl-3-methylimidazolium bis(trifluoromethylsulfonyl)imide,39,1.19,0,3.5,0.00318,22318,7.19736,0.59922842,31.89067508,31,0.338
606,poly(ethylene oxide),1-butyl-3-methylimidazolium bis(trifluoromethylsulfonyl)imide,39,1.19,0,3.5,0.00424,22318,14.744,0.842368506,36.74754546,31,0.338
607,poly(ethylene oxide),1-butyl-3-methylimidazolium bis(trifluoromethylsulfonyl)imide,39,1.19,0,3.5,0.0053,22318,25.92747,1.106117779,41.35739044,31,0.338
608,poly(ethylene oxide),1-butyl-3-methylimidazolium bis(trifluoromethylsulfonyl)imide,39,1.19,0,3.5,0.00849,22318,95.75022,2.204643214,59.52085029,31,0.338
609,poly(ethylene oxide),1-butyl-3-methylimidazolium bis(trifluoromethylsulfonyl)imide,39,1.19,0,3.5,0.01061,22318,222.09797,3.819719603,88.40127891,31,0.338
610,poly(ethylene oxide),1-butyl-3-methylimidazolium bis(trifluoromethylsulfonyl)imide,39,1.19,0,3.5,0.01273,22318,341.27264,4.624207285,94.36031707,31,0.338
611,poly(ethylene oxide),1-butyl-3-methylimidazolium bis(trifluoromethylsulfonyl)imide,39,1.19,0,3.5,0.01594,22318,983.00471,9.923487075,173.3499383,31,0.338
612,poly(ethylene oxide),1-butyl-3-methylimidazolium bis(trifluoromethylsulfonyl)imide,39,1.19,0,3.5,0.02181,22318,3708.3947,24.83505623,349.3166989,31,0.338
613,poly(ethylene oxide),1-butyl-3-methylimidazolium bis(trifluoromethylsulfonyl)imide,39,1.19,0,3.5,0.03182,22318,26694.54461,109.039479,1181.318194,31,0.338
614,poly(ethylene oxide),1-butyl-3-methylimidazolium bis(trifluoromethylsulfonyl)imide,40,1.12,0,3.5,8.51E-04,22318,1.37625,0.643367124,85.149664,31,0.338
615,poly(ethylene oxide),1-butyl-3-methylimidazolium bis(trifluoromethylsulfonyl)imide,40,1.12,0,3.5,0.00138,22318,2.57071,0.638280498,60.4838797,31,0.338
616,poly(ethylene oxide),1-butyl-3-methylimidazolium bis(trifluoromethylsulfonyl)imide,40,1.12,0,3.5,0.0017,22318,3.75859,0.710291369,58.27359858,31,0.338
617,poly(ethylene oxide),1-butyl-3-methylimidazolium bis(trifluoromethylsulfonyl)imide,40,1.12,0,3.5,0.00217,22318,5.39868,0.741210498,51.37038789,31,0.338
618,poly(ethylene oxide),1-butyl-3-methylimidazolium bis(trifluoromethylsulfonyl)imide,40,1.12,0,3.5,0.00318,22318,10.48584,0.873016403,46.46155206,31,0.338
619,poly(ethylene oxide),1-butyl-3-methylimidazolium bis(trifluoromethylsulfonyl)imide,40,1.12,0,3.5,0.00423,22318,18.63689,1.068076856,46.66996056,31,0.338
620,poly(ethylene oxide),1-butyl-3-methylimidazolium bis(trifluoromethylsulfonyl)imide,40,1.12,0,3.5,0.00528,22318,35.30987,1.513862728,56.75093228,31,0.338
621,poly(ethylene oxide),1-butyl-3-methylimidazolium bis(trifluoromethylsulfonyl)imide,40,1.12,0,3.5,0.00846,22318,136.55859,3.158855557,85.49151723,31,0.338
622,poly(ethylene oxide),1-butyl-3-methylimidazolium bis(trifluoromethylsulfonyl)imide,40,1.12,0,3.5,0.01058,22318,346.15343,5.975374232,138.561326,31,0.338
623,poly(ethylene oxide),1-butyl-3-methylimidazolium bis(trifluoromethylsulfonyl)imide,40,1.12,0,3.5,0.01267,22318,545.27811,7.434289556,152.1982155,31,0.338
624,poly(ethylene oxide),1-butyl-3-methylimidazolium bis(trifluoromethylsulfonyl)imide,40,1.12,0,3.5,0.01583,22318,1343.48657,13.68605968,240.2239072,31,0.338
625,poly(ethylene oxide),1-butyl-3-methylimidazolium bis(trifluoromethylsulfonyl)imide,40,1.12,0,3.5,0.02115,22318,5421.97782,37.80111365,543.1023975,31,0.338
626,poly(ethylene oxide),1-butyl-3-methylimidazolium bis(trifluoromethylsulfonyl)imide,40,1.12,0,3.5,0.03166,22318,33149.1084,136.3008716,1481.81763,31,0.338
627,poly(ethylene oxide),1-butyl-3-methylimidazolium hexafluorophosphate,41,1.43,0.65,11.5,0.0032,9000,1.52436,0.31214439,16.54036458,32,0.338
628,poly(ethylene oxide),1-butyl-3-methylimidazolium hexafluorophosphate,41,1.43,0.65,11.5,0.0043,9000,2.52838,0.351685299,15.19367826,32,0.338
629,poly(ethylene oxide),1-butyl-3-methylimidazolium hexafluorophosphate,41,1.43,0.65,11.5,0.0054,9000,3.49711,0.361025417,13.32536961,32,0.338
630,poly(ethylene oxide),1-butyl-3-methylimidazolium hexafluorophosphate,41,1.43,0.65,11.5,0.00848,9000,8.02285,0.458785746,12.39636795,32,0.338
631,poly(ethylene oxide),1-butyl-3-methylimidazolium hexafluorophosphate,41,1.43,0.65,11.5,0.01062,9000,13.1355,0.559513736,12.94061945,32,0.338
632,poly(ethylene oxide),1-butyl-3-methylimidazolium hexafluorophosphate,41,1.43,0.65,11.5,0.01264,9000,20.68525,0.701523968,14.38547202,32,0.338
633,poly(ethylene oxide),1-butyl-3-methylimidazolium hexafluorophosphate,41,1.43,0.65,11.5,0.00169,22318,1.26662,0.241219055,19.87090554,32,0.338
634,poly(ethylene oxide),1-butyl-3-methylimidazolium hexafluorophosphate,41,1.43,0.65,11.5,0.00216,22318,1.83566,0.253554809,17.62907271,32,0.338
635,poly(ethylene oxide),1-butyl-3-methylimidazolium hexafluorophosphate,41,1.43,0.65,11.5,0.00317,22318,3.22145,0.26931526,14.36407279,32,0.338
636,poly(ethylene oxide),1-butyl-3-methylimidazolium hexafluorophosphate,41,1.43,0.65,11.5,0.0042,22318,5.00872,0.289735512,12.72251291,32,0.338
637,poly(ethylene oxide),1-butyl-3-methylimidazolium hexafluorophosphate,41,1.43,0.65,11.5,0.00841,22318,24.45702,0.5701431,15.49374036,32,0.338
638,poly(ethylene oxide),1-butyl-3-methylimidazolium hexafluorophosphate,41,1.43,0.65,11.5,0.01007,22318,39.38635,0.72531429,17.40329659,32,0.338
639,poly(ethylene oxide),1-butyl-3-methylimidazolium hexafluorophosphate,41,1.43,0.65,11.5,0.01262,22318,86.01917,1.178865828,24.20032869,32,0.338
640,poly(ethylene oxide),1-butyl-3-methylimidazolium hexafluorophosphate,41,1.43,0.65,11.5,0.01575,22318,161.32108,1.654307615,29.1390059,32,0.338
641,poly(ethylene oxide),1-butyl-3-methylimidazolium hexafluorophosphate,41,1.43,0.65,11.5,0.02094,22318,1064.09063,7.516191762,108.7351583,32,0.338
642,poly(ethylene oxide),1-butyl-3-methylimidazolium hexafluorophosphate,41,1.43,0.65,11.5,0.03133,22318,5552.53473,23.14590877,253.4633792,32,0.338
643,poly(ethylene oxide),1-butyl-3-methylimidazolium hexafluorophosphate,42,1.44,0.65,11.5,0.0017,22318,1.22287,0.231095705,18.95951287,32,0.338
644,poly(ethylene oxide),1-butyl-3-methylimidazolium hexafluorophosphate,42,1.44,0.65,11.5,0.00217,22318,1.82137,0.250064565,17.33099265,32,0.338
645,poly(ethylene oxide),1-butyl-3-methylimidazolium hexafluorophosphate,42,1.44,0.65,11.5,0.00318,22318,3.20889,0.267161582,14.21822284,32,0.338
646,poly(ethylene oxide),1-butyl-3-methylimidazolium hexafluorophosphate,42,1.44,0.65,11.5,0.00423,22318,5.14755,0.295005176,12.89034573,32,0.338
647,poly(ethylene oxide),1-butyl-3-methylimidazolium hexafluorophosphate,42,1.44,0.65,11.5,0.00529,22318,7.91021,0.338300627,12.66547249,32,0.338
648,poly(ethylene oxide),1-butyl-3-methylimidazolium hexafluorophosphate,42,1.44,0.65,11.5,0.00846,22318,23.70465,0.548332883,14.84012462,32,0.338
649,poly(ethylene oxide),1-butyl-3-methylimidazolium hexafluorophosphate,42,1.44,0.65,11.5,0.01058,22318,47.50788,0.820091143,19.0168702,32,0.338
650,poly(ethylene oxide),1-butyl-3-methylimidazolium hexafluorophosphate,42,1.44,0.65,11.5,0.01589,22318,224.83926,2.279117662,39.89964941,32,0.338
651,poly(ethylene oxide),1-butyl-3-methylimidazolium hexafluorophosphate,42,1.44,0.65,11.5,0.02094,22318,825.51038,5.830982947,84.3555984,32,0.338
652,poly(ethylene oxide),1-butyl-3-methylimidazolium hexafluorophosphate,42,1.44,0.65,11.5,0.03174,22318,5956.94702,24.41270752,264.9443238,32,0.338
653,poly(ethylene oxide),1-butyl-3-methylimidazolium tetrafluoroborate,43,1.53,0.8,7.6,0.00175,22318,1.06389,0.193566588,15.56558173,33,0.338
654,poly(ethylene oxide),1-butyl-3-methylimidazolium tetrafluoroborate,43,1.53,0.8,7.6,0.00212,22318,1.33391,0.188812893,13.29840433,33,0.338
655,poly(ethylene oxide),1-butyl-3-methylimidazolium tetrafluoroborate,43,1.53,0.8,7.6,0.00319,22318,2.09691,0.173865815,9.233006716,33,0.338
656,poly(ethylene oxide),1-butyl-3-methylimidazolium tetrafluoroborate,43,1.53,0.8,7.6,0.00419,22318,3.22264,0.187000096,8.22485924,33,0.338
657,poly(ethylene oxide),1-butyl-3-methylimidazolium tetrafluoroborate,43,1.53,0.8,7.6,0.00532,22318,4.52432,0.192067329,7.162667261,33,0.338
658,poly(ethylene oxide),1-butyl-3-methylimidazolium tetrafluoroborate,43,1.53,0.8,7.6,0.00851,22318,14.01813,0.321774106,8.67312668,33,0.338
659,poly(ethylene oxide),1-butyl-3-methylimidazolium tetrafluoroborate,43,1.53,0.8,7.6,0.01066,22318,36.65697,0.626571906,14.4539611,33,0.338
660,poly(ethylene oxide),1-butyl-3-methylimidazolium tetrafluoroborate,43,1.53,0.8,7.6,0.01279,22318,61.67081,0.830505504,16.89208626,33,0.338
661,poly(ethylene oxide),1-butyl-3-methylimidazolium tetrafluoroborate,43,1.53,0.8,7.6,0.01589,22318,274.39769,2.781474293,48.69421661,33,0.338
662,poly(ethylene oxide),water,44,1.11,0,3.9,6.50E-04,22318,1.05193,0.699698501,111.5590621,34,0.338
663,poly(ethylene oxide),water,44,1.11,0,3.9,8.72E-04,22318,1.42756,0.646396017,84.12132942,34,0.338
664,poly(ethylene oxide),water,44,1.11,0,3.9,0.00109,22318,1.91553,0.64766092,72.24049097,34,0.338
665,poly(ethylene oxide),water,44,1.11,0,3.9,0.00131,22318,2.45663,0.652964527,64.14190977,34,0.338
666,poly(ethylene oxide),water,44,1.11,0,3.9,0.00168,22318,3.4489,0.661941276,54.75285448,34,0.338
667,poly(ethylene oxide),water,44,1.11,0,3.9,0.00227,22318,5.67258,0.734217102,49.32574368,34,0.338
668,poly(ethylene oxide),water,44,1.11,0,3.9,0.00318,22318,10.32959,0.860007544,45.76922627,34,0.338
669,poly(ethylene oxide),water,44,1.11,0,3.9,0.00426,22318,19.45897,1.104921927,48.04468796,34,0.338
670,poly(ethylene oxide),water,44,1.11,0,3.9,0.00536,22318,32.00517,1.345433574,49.9154839,34,0.338
671,poly(ethylene oxide),water,44,1.11,0,3.9,0.00851,22318,113.57784,2.60708154,70.27149801,34,0.338
672,poly(ethylene oxide),water,44,1.11,0,3.9,0.0108,22318,303.79651,5.104817063,116.7024561,34,0.338
673,poly(ethylene oxide),water,44,1.11,0,3.9,0.01274,22318,585.38588,7.923767012,161.6025143,34,0.338
674,poly(ethylene oxide),water,44,1.11,0,3.9,0.02111,22318,5748.29404,40.17555923,577.9725803,34,0.338
675,poly(ethylene oxide),water,44,1.11,0,3.9,0.0261,22318,17610.21272,93.23294391,1158.319357,34,0.338
676,cellulose,1-allyl-3-methylimidazolium formate,45,0,0.44,6.1,0.00309,741,1.07037,2.786829382,151.2860074,35,0.54
677,cellulose,1-allyl-3-methylimidazolium formate,45,0,0.44,6.1,0.00434,741,2.05663,3.432644976,147.3528362,35,0.54
678,cellulose,1-allyl-3-methylimidazolium formate,45,0,0.44,6.1,0.00621,741,3.58352,3.74209824,125.4031438,35,0.54
679,cellulose,1-allyl-3-methylimidazolium formate,45,0,0.44,6.1,0.00939,741,9.36267,5.690632975,143.3013639,35,0.54
680,cellulose,1-allyl-3-methylimidazolium formate,45,0,0.44,6.1,0.01254,741,20.11661,8.372900659,172.640035,35,0.54
681,cellulose,1-allyl-3-methylimidazolium formate,45,0,0.44,6.1,0.01898,741,91.26025,22.08017142,341.8779019,35,0.54
682,cellulose,1-allyl-3-methylimidazolium formate,45,0,0.44,6.1,0.02558,741,365.09656,59.77083866,752.9886894,35,0.54
683,cellulose,1-allyl-3-methylimidazolium formate,45,0,0.44,6.1,0.03239,741,1230.88079,147.9522847,1583.346221,35,0.54
684,cellulose,1-allyl-3-methylimidazolium formate,45,0,0.44,6.1,0.04617,741,4788.59982,361.9181776,3031.590851,35,0.54
685,cellulose,1-allyl-3-methylimidazolium formate,45,0,0.44,6.1,0.06835,741,39748.69786,1797.695208,11482.2675,35,0.54
686,cellulose,1-allyl-3-methylimidazolium chloride,46,0.4,0,3,0.00131,220,1.43333,38.64814203,3796.478273,36,0.54
687,cellulose,1-allyl-3-methylimidazolium chloride,46,0.4,0,3,0.00193,220,2.26707,36.81100788,2766.480613,36,0.54
688,cellulose,1-allyl-3-methylimidazolium chloride,46,0.4,0,3,0.00255,220,2.91223,32.838545,2035.741498,36,0.54
689,cellulose,1-allyl-3-methylimidazolium chloride,46,0.4,0,3,0.00316,220,4.16332,35.45504154,1895.147194,36,0.54
690,cellulose,1-allyl-3-methylimidazolium chloride,46,0.4,0,3,0.00378,220,6.9984,47.14095019,2226.345083,36,0.54
691,cellulose,1-allyl-3-methylimidazolium chloride,46,0.4,0,3,0.00499,220,11.46125,53.67433914,2092.224164,36,0.54
692,cellulose,1-allyl-3-methylimidazolium chloride,46,0.4,0,3,0.0062,220,25.06627,88.35003094,2964.037224,36,0.54
693,cellulose,1-allyl-3-methylimidazolium chloride,46,0.4,0,3,0.0092,220,54.15249,113.8662266,2908.172044,36,0.54
694,cellulose,1-allyl-3-methylimidazolium chloride,46,0.4,0,3,0.01214,220,236.89622,346.4995015,7306.309693,36,0.54
695,cellulose,1-allyl-3-methylimidazolium chloride,46,0.4,0,3,0.01811,220,1424.85734,1234.696325,19747.48545,36,0.54
696,cellulose,1-ethyl-3-methylimidazolium methylphosphonate,47,0.45,0,3.6,7.10E-04,741,1.2547,22.39294874,3358.961241,37,0.54
697,cellulose,1-ethyl-3-methylimidazolium methylphosphonate,47,0.45,0,3.6,0.00143,741,3.27567,23.38105401,2161.771865,37,0.54
698,cellulose,1-ethyl-3-methylimidazolium methylphosphonate,47,0.45,0,3.6,0.00214,741,7.30343,30.75611477,2152.192514,37,0.54
699,cellulose,1-ethyl-3-methylimidazolium methylphosphonate,47,0.45,0,3.6,0.00285,741,9.76071,28.2499769,1621.711071,37,0.54
700,cellulose,1-ethyl-3-methylimidazolium methylphosphonate,47,0.45,0,3.6,0.00357,741,21.03247,45.33002133,2227.079078,37,0.54
701,cellulose,1-ethyl-3-methylimidazolium methylphosphonate,47,0.45,0,3.6,0.0057,741,43.42864,50.73347351,1803.882768,37,0.54
702,cellulose,1-ethyl-3-methylimidazolium methylphosphonate,47,0.45,0,3.6,0.00714,741,147.69915,128.485856,3909.879424,37,0.54
703,cellulose,1-ethyl-3-methylimidazolium methylphosphonate,47,0.45,0,3.6,0.01448,741,2986.95647,1029.86827,19225.31932,37,0.54
704,cellulose,1-ethyl-3-methylimidazolium methylphosphonate,47,0.45,0,3.6,0.02191,741,22746.24898,4560.638419,63945.03443,37,0.54
705,cellulose,1-ethyl-3-methylimidazolium acetate,48,0,0.45,6.1,0.0033,741,1.02231,2.44220887,126.6883037,38,0.54
706,cellulose,1-ethyl-3-methylimidazolium acetate,48,0,0.45,6.1,0.00395,741,1.45903,2.754617699,126.1978112,38,0.54
707,cellulose,1-ethyl-3-methylimidazolium acetate,48,0,0.45,6.1,0.00461,741,2.1654,3.339665779,137.5048681,38,0.54
708,cellulose,1-ethyl-3-methylimidazolium acetate,48,0,0.45,6.1,0.00529,741,2.41783,3.114423134,116.5993716,38,0.54
709,cellulose,1-ethyl-3-methylimidazolium acetate,48,0,0.45,6.1,0.00596,741,3.5377,3.89837963,134.4034059,38,0.54
710,cellulose,1-ethyl-3-methylimidazolium acetate,48,0,0.45,6.1,0.00662,741,3.86671,3.713671734,119.0713876,38,0.54
711,cellulose,1-ethyl-3-methylimidazolium acetate,48,0,0.45,6.1,0.00999,741,10.10275,5.662277869,136.6124946,38,0.54
712,cellulose,1-ethyl-3-methylimidazolium acetate,48,0,0.45,6.1,0.0134,741,18.69354,7.133568791,140.4959311,38,0.54
713,cellulose,1-ethyl-3-methylimidazolium acetate,48,0,0.45,6.1,0.02032,741,126.25652,27.93798996,412.6560336,38,0.54
714,cellulose,1-ethyl-3-methylimidazolium acetate,48,0,0.45,6.1,0.02741,741,493.0779,73.74269596,885.684937,38,0.54
715,cellulose,1-ethyl-3-methylimidazolium acetate,48,0,0.45,6.1,0.03458,741,1221.35455,134.7585358,1378.394618,38,0.54
716,cellulose,1-ethyl-3-methylimidazolium acetate,48,0,0.45,6.1,0.04186,741,2038.42251,175.1474085,1569.920103,38,0.54
717,cellulose,1-ethyl-3-methylimidazolium acetate,48,0,0.45,6.1,0.04934,741,4769.8364,330.4894487,2644.155459,38,0.54
718,cellulose,1-ethyl-3-methylimidazolium acetate,48,0,0.45,6.1,0.05711,741,13333.7772,762.9131322,5517.097585,38,0.54
719,cellulose,1-ethyl-3-methylimidazolium acetate,48,0,0.45,6.1,0.06509,741,20432.91068,985.1533075,6508.538609,38,0.54
720,cellulose,1-ethyl-3-methylimidazolium acetate,48,0,0.45,6.1,0.07295,741,39316.51678,1632.839929,9970.254275,38,0.54
721,cellulose SSP,1-ethyl-3-methylimidazolium acetate,49,0.8,0,3.2,0.00329,1000,1.31685,2.340345075,121.6590756,39,0.54
722,cellulose SSP,1-ethyl-3-methylimidazolium acetate,49,0.8,0,3.2,0.00462,1000,2.15273,2.453244896,100.8568992,39,0.54
723,cellulose SSP,1-ethyl-3-methylimidazolium acetate,49,0.8,0,3.2,0.00662,1000,4.54948,3.237739314,103.8115753,39,0.54
724,cellulose SSP,1-ethyl-3-methylimidazolium acetate,49,0.8,0,3.2,0.01339,1000,13.71061,3.880741018,76.47079821,39,0.54
725,cellulose SSP,1-ethyl-3-methylimidazolium acetate,49,0.8,0,3.2,0.02032,1000,37.54165,6.155635658,90.92136544,39,0.54
726,cellulose SSP,1-ethyl-3-methylimidazolium acetate,49,0.8,0,3.2,0.03467,1000,305.81966,24.91842463,254.42379,39,0.54
727,cellulose SSP,1-ethyl-3-methylimidazolium acetate,50,0.9,0,3.2,0.00442,1000,1.15787,1.398195262,59.26731639,39,0.54
728,cellulose SSP,1-ethyl-3-methylimidazolium acetate,50,0.9,0,3.2,0.00633,1000,2.10176,1.586086824,52.45364859,39,0.54
729,cellulose SSP,1-ethyl-3-methylimidazolium acetate,50,0.9,0,3.2,0.01281,1000,6.17282,1.85145665,37.61710364,39,0.54
730,cellulose SSP,1-ethyl-3-methylimidazolium acetate,50,0.9,0,3.2,0.01942,1000,14.89275,2.591113184,39.48902837,39,0.54
731,cellulose SSP,1-ethyl-3-methylimidazolium acetate,50,0.9,0,3.2,0.0331,1000,78.54657,6.800254066,71.69208934,39,0.54
732,cellulose,1-butyl-3-methylimidazolium chloride,51,0.59,0,3.6,0.00126,741,1.1613,9.782564717,987.1544959,40,0.54
733,cellulose,1-butyl-3-methylimidazolium chloride,51,0.59,0,3.6,0.00191,741,1.76286,8.615023466,652.1280502,40,0.54
734,cellulose,1-butyl-3-methylimidazolium chloride,51,0.59,0,3.6,0.00318,741,3.09635,7.764371166,413.2164458,40,0.54
735,cellulose,1-butyl-3-methylimidazolium chloride,51,0.59,0,3.6,0.00642,741,8.18912,8.187241044,268.1321997,40,0.54
736,cellulose,1-butyl-3-methylimidazolium chloride,51,0.59,0,3.6,0.00971,741,32.61206,18.97098272,466.7900228,40,0.54
737,cellulose,1-butyl-3-methylimidazolium chloride,51,0.59,0,3.6,0.01292,741,42.43993,16.98736176,343.1084577,40,0.54
738,cellulose,1-butyl-3-methylimidazolium chloride,51,0.59,0,3.6,0.01624,741,153.34768,45.501309,784.6698255,40,0.54
739,cellulose,1-butyl-3-methylimidazolium chloride,51,0.59,0,3.6,0.01963,741,547.39385,126.7299371,1917.083841,40,0.54
740,cellulose,1-butyl-3-methylimidazolium chloride,51,0.59,0,3.6,0.02644,741,1430.23324,224.2288411,2760.995874,40,0.54
741,cellulose,1-butyl-3-methylimidazolium chloride,51,0.59,0,3.6,0.03338,741,3907.26814,451.5070342,4732.409783,40,0.54
742,cellulose,1-butyl-3-methylimidazolium chloride,51,0.59,0,3.6,0.04048,741,10545.31919,946.7278553,8684.813846,40,0.54
743,cellulose,1-butyl-3-methylimidazolium chloride,51,0.59,0,3.6,0.05519,741,36001.70346,2154.192112,15950.8582,40,0.54
744,cellulose,1-butyl-3-methylimidazolium acetate,52,0.58,0.34,8.2,0.00123,780,1.08486,8.959913504,919.3245779,41,0.54
745,cellulose,1-butyl-3-methylimidazolium acetate,52,0.58,0.34,8.2,0.00184,780,1.70452,8.30976768,645.4637439,41,0.54
746,cellulose,1-butyl-3-methylimidazolium acetate,52,0.58,0.34,8.2,0.00307,780,4.27473,10.66350513,581.4834191,41,0.54
747,cellulose,1-butyl-3-methylimidazolium acetate,52,0.58,0.34,8.2,0.00461,780,11.16728,16.36198103,673.6758081,41,0.54
748,cellulose,1-butyl-3-methylimidazolium acetate,52,0.58,0.34,8.2,0.00615,780,20.51099,20.60793799,695.2512665,41,0.54
749,cellulose,1-butyl-3-methylimidazolium acetate,52,0.58,0.34,8.2,0.00922,780,67.18071,39.72965097,1013.183584,41,0.54
750,cellulose,1-butyl-3-methylimidazolium acetate,52,0.58,0.34,8.2,0.01229,780,115.0989,46.72648486,976.9510514,41,0.54
751,cellulose,1-butyl-3-methylimidazolium acetate,52,0.58,0.34,8.2,0.01844,780,1007.88889,240.5827581,3800.11047,41,0.54
752,cellulose,1-butyl-3-methylimidazolium acetate,52,0.58,0.34,8.2,0.02458,780,4624.15263,757.7148164,9812.367394,41,0.54
753,cellulose,1-butyl-3-methylimidazolium acetate,53,0.58,0.34,8.2,0.00123,780,1.01439,8.377898216,859.6073766,41,0.54
754,cellulose,1-butyl-3-methylimidazolium acetate,53,0.58,0.34,8.2,0.00184,780,1.73022,8.435058689,655.1957612,41,0.54
755,cellulose,1-butyl-3-methylimidazolium acetate,53,0.58,0.34,8.2,0.00307,780,3.82014,9.529510051,519.6464031,41,0.54
756,cellulose,1-butyl-3-methylimidazolium acetate,53,0.58,0.34,8.2,0.00461,780,10.8741,15.93242203,655.9894714,41,0.54
757,cellulose,1-butyl-3-methylimidazolium acetate,53,0.58,0.34,8.2,0.00615,780,20.55036,20.64749407,696.5857726,41,0.54
758,cellulose,1-butyl-3-methylimidazolium acetate,53,0.58,0.34,8.2,0.00922,780,67.69424,40.0333448,1020.928369,41,0.54
759,cellulose,1-butyl-3-methylimidazolium acetate,53,0.58,0.34,8.2,0.01229,780,113.92446,46.24969965,966.9824905,41,0.54
760,cellulose,1-butyl-3-methylimidazolium acetate,53,0.58,0.34,8.2,0.01844,780,966.03237,230.59162,3642.296051,41,0.54
761,cellulose,1-butyl-3-methylimidazolium acetate,53,0.58,0.34,8.2,0.02458,780,4034.97122,661.171402,8562.135207,41,0.54
762,cellulose,1-butyl-3-methylimidazolium acetate,54,0,0.35,8.3,0.00184,780,1.5339,7.477971889,580.8537516,42,0.54
763,cellulose,1-butyl-3-methylimidazolium acetate,54,0,0.35,8.3,0.00461,780,9.6822,14.18608405,584.0870748,42,0.54
764,cellulose,1-butyl-3-methylimidazolium acetate,54,0,0.35,8.3,0.00615,780,17.68664,17.77023831,599.5156187,42,0.54
765,cellulose,1-butyl-3-methylimidazolium acetate,54,0,0.35,8.3,0.00922,780,47.52119,28.1033096,716.6892044,42,0.54
766,cellulose,1-butyl-3-methylimidazolium acetate,54,0,0.35,8.3,0.01229,780,96.02966,38.98498121,815.0927359,42,0.54
767,cellulose,1-butyl-3-methylimidazolium acetate,54,0,0.35,8.3,0.01844,780,759.22881,181.2276759,2862.570844,42,0.54
768,cellulose,1-butyl-3-methylimidazolium acetate,54,0,0.35,8.3,0.02458,780,3176.9661,520.5784666,6741.464019,42,0.54
769,cellulose,1-butyl-3-methylimidazolium acetate,55,0,0.35,8.3,0.00184,780,1.43494,6.995528381,543.3798047,42,0.54
770,cellulose,1-butyl-3-methylimidazolium acetate,55,0,0.35,8.3,0.00461,780,8.75836,12.83249996,528.3556292,42,0.54
771,cellulose,1-butyl-3-methylimidazolium acetate,55,0,0.35,8.3,0.00615,780,15.26394,15.33608709,517.3945098,42,0.54
772,cellulose,1-butyl-3-methylimidazolium acetate,55,0,0.35,8.3,0.00922,780,45.07807,26.65848556,679.8433735,42,0.54
773,cellulose,1-butyl-3-methylimidazolium acetate,55,0,0.35,8.3,0.01229,780,78.88848,32.02620847,669.5996528,42,0.54
774,cellulose,1-butyl-3-methylimidazolium acetate,55,0,0.35,8.3,0.01844,780,550.78439,131.472059,2076.658993,42,0.54
775,cellulose,1-butyl-3-methylimidazolium acetate,55,0,0.35,8.3,0.02458,780,2006.43494,328.7749354,4257.618284,42,0.54
776,cellulose,1-butyl-3-methylimidazolium acetate,56,0,0.36,8.3,0.00184,780,1.1351,5.53376745,429.8370777,42,0.54
777,cellulose,1-butyl-3-methylimidazolium acetate,56,0,0.36,8.3,0.00461,780,7.03804,10.31193603,424.5758398,42,0.54
778,cellulose,1-butyl-3-methylimidazolium acetate,56,0,0.36,8.3,0.00615,780,12.33812,12.3964378,418.2193817,42,0.54
779,cellulose,1-butyl-3-methylimidazolium acetate,56,0,0.36,8.3,0.00922,780,34.19153,20.22035124,515.6583923,42,0.54
780,cellulose,1-butyl-3-methylimidazolium acetate,56,0,0.36,8.3,0.01229,780,63.68108,25.85248878,540.520353,42,0.54
781,cellulose,1-butyl-3-methylimidazolium acetate,56,0,0.36,8.3,0.01844,780,394.11974,94.07625682,1485.97585,42,0.54
782,cellulose,1-butyl-3-methylimidazolium acetate,56,0,0.36,8.3,0.02458,780,1782.43937,292.0709648,3782.303777,42,0.54
783,poly(methyl methacrylate),1-butyl-3-methylimidazolium bis(trifluoromethylsulfonyl)imide,57,0.92,0.47,9.9,8.09E-04,9950,1.26279,1.41480261,193.9148239,43,0.255
784,poly(methyl methacrylate),1-butyl-3-methylimidazolium bis(trifluoromethylsulfonyl)imide,57,0.92,0.47,9.9,0.00119,9950,2.05525,1.389503642,145.8638436,43,0.255
785,poly(methyl methacrylate),1-butyl-3-methylimidazolium bis(trifluoromethylsulfonyl)imide,57,0.92,0.47,9.9,0.00199,9950,4.35795,1.503113533,110.5994608,43,0.255
786,poly(methyl methacrylate),1-butyl-3-methylimidazolium bis(trifluoromethylsulfonyl)imide,57,0.92,0.47,9.9,0.00299,9950,8.97295,1.816383174,100.8718046,43,0.255
787,poly(methyl methacrylate),1-butyl-3-methylimidazolium bis(trifluoromethylsulfonyl)imide,57,0.92,0.47,9.9,0.00397,9950,15.16633,2.118369835,96.71111874,43,0.255
788,poly(methyl methacrylate),1-butyl-3-methylimidazolium bis(trifluoromethylsulfonyl)imide,57,0.92,0.47,9.9,0.00586,9950,34.8294,2.92228717,101.9360217,43,0.255
789,poly(methyl methacrylate),1-butyl-3-methylimidazolium bis(trifluoromethylsulfonyl)imide,57,0.92,0.47,9.9,0.00804,9950,106.41767,5.902039608,165.4544939,43,0.255
790,poly(methyl methacrylate),1-butyl-3-methylimidazolium bis(trifluoromethylsulfonyl)imide,57,0.92,0.47,9.9,0.00998,9950,248.52695,10.38698469,250.7779378,43,0.255
791,poly(methyl methacrylate),1-butyl-3-methylimidazolium bis(trifluoromethylsulfonyl)imide,57,0.92,0.47,9.9,0.012,9950,544.97904,17.89441032,380.359464,43,0.255
792,poly(methyl methacrylate),1-butyl-3-methylimidazolium bis(trifluoromethylsulfonyl)imide,58,0.86,0.44,9.9,0.00118,100,2.65523,180.5998228,19069.44843,43,0.255
793,poly(methyl methacrylate),1-butyl-3-methylimidazolium bis(trifluoromethylsulfonyl)imide,58,0.86,0.44,9.9,0.00198,100,5.19843,179.5843752,13259.94796,43,0.255
794,poly(methyl methacrylate),1-butyl-3-methylimidazolium bis(trifluoromethylsulfonyl)imide,58,0.86,0.44,9.9,0.00297,100,12.08949,245.6509155,13705.50624,43,0.255
795,poly(methyl methacrylate),1-butyl-3-methylimidazolium bis(trifluoromethylsulfonyl)imide,58,0.86,0.44,9.9,0.00396,100,20.09367,280.1801055,12813.53306,43,0.255
796,poly(methyl methacrylate),1-butyl-3-methylimidazolium bis(trifluoromethylsulfonyl)imide,58,0.86,0.44,9.9,0.00594,100,48.12385,394.6866638,13639.1553,43,0.255
797,poly(methyl methacrylate),1-butyl-3-methylimidazolium bis(trifluoromethylsulfonyl)imide,58,0.86,0.44,9.9,0.00792,100,124.30414,699.5927549,19816.87774,43,0.255
798,poly(methyl methacrylate),1-butyl-3-methylimidazolium bis(trifluoromethylsulfonyl)imide,58,0.86,0.44,9.9,0.00988,100,319.73287,1347.25862,32754.68271,43,0.255
799,poly(methyl methacrylate),1-butyl-3-methylimidazolium bis(trifluoromethylsulfonyl)imide,58,0.86,0.44,9.9,0.01186,100,854.08491,2833.561269,60719.98712,43,0.255
800,poly(acrylonitrile-co-itaconic-acid),1-butyl-3-methylimidazolium chloride,59,0.71,0,3.7,0.00134,1532,1.06,3.984566997,385.3341531,44,0.255
801,poly(acrylonitrile-co-itaconic-acid),1-butyl-3-methylimidazolium chloride,59,0.71,0,3.7,0.00173,1532,1.48,3.982225525,322.783067,44,0.255
802,poly(acrylonitrile-co-itaconic-acid),1-butyl-3-methylimidazolium chloride,59,0.71,0,3.7,0.00192,1532,1.61,3.779684545,285.0786236,44,0.255
803,poly(acrylonitrile-co-itaconic-acid),1-butyl-3-methylimidazolium chloride,59,0.71,0,3.7,0.00388,1532,4.69,4.384231663,203.3530199,44,0.255
804,poly(acrylonitrile-co-itaconic-acid),1-butyl-3-methylimidazolium chloride,59,0.71,0,3.7,0.00589,1532,10.81,5.851459275,203.3931578,44,0.255
805,poly(acrylonitrile-co-itaconic-acid),1-butyl-3-methylimidazolium chloride,59,0.71,0,3.7,0.01002,1532,37.46,10.1151958,243.5418298,44,0.255
806,poly(acrylonitrile-co-itaconic-acid),1-butyl-3-methylimidazolium chloride,59,0.71,0,3.7,0.01215,1532,60.25,12.64146477,266.4070602,44,0.255
807,poly(acrylonitrile-co-itaconic-acid),1-butyl-3-methylimidazolium chloride,59,0.71,0,3.7,0.01655,1532,88.94,12.45244387,211.9543644,44,0.255
808,poly(acrylonitrile-co-itaconic-acid),1-butyl-3-methylimidazolium chloride,59,0.71,0,3.7,0.02114,1532,299.8,30.46799165,437.8878522,44,0.255
